match_id,defender_id,defender_name,passes_against_on_field
3812,11094,Cody Gakpo,372
3812,11241,Andries Noppert,395
3812,13055,Nicolas Jackson,101
3812,13228,Youssouf Sabaly,468
3812,13901,Pape Abou Cissé,468
3812,1522,Frenkie de Jong,395
3812,2059,Edouard Mendy,468
3812,214,Nampalys Mendy,468
3812,284,Nathan Aké,395
3812,3315,Vincent Janssen,265
3812,37,Virgil van Dijk,395
3812,3848,Abdou Diallo,326
3812,3858,Idrissa Gueye,468
3812,3895,Ismail Jakobs,142
3812,3903,Krépin Diatta,367
3812,3978,Pape Gueye,101
3812,3996,Bamba Dieng,108
3812,428,Ismaïla Sarr,468
3812,474,Cheikhou Kouyaté,367
3812,7988,Boulaye Dia,360
3812,8026,Daley Blind,395
3812,8033,Davy Klaassen,87
3812,8034,Steven Berghuis,308
3812,8045,Matthijs De Ligt,395
3812,8134,Denzel Dumfries,395
3812,8326,Teun Koopmeiners,87
3812,8327,Marten De Roon,23
3812,8342,Memphis Depay,130
3812,84,Steven Bergwijn,308
3812,9993,Kalidou Koulibaly,468
3843,12529,Matias Vina,52
3843,133,Bruno Fernandes,418
3843,1368,Jose Gimenez,621
3843,13924,Sergio Rochet,621
3843,13926,Diego Godin,460
3843,13927,Guillermo Varela,621
3843,1393,Joao Felix,343
3843,13930,Giorgian De Arrascaeta,161
3843,1535,Luis Suarez,110
3843,1545,Mathí­as Olivera,569
3843,1684,Federico Valverde,621
3843,17,João Cancelo,418
3843,1836,Maxi Gomez,110
3843,1876,William Carvalho,344
3843,2066,Ruben Dias,418
3843,2075,Facundo Pellistri,161
3843,2077,Edinson Cavani,511
3843,240,Rúben Neves,259
3843,27,Bernardo Silva,418
3843,4666,Raphaël Guerreiro,286
3843,6020,Cristiano Ronaldo,343
3843,6038,Nuno Mendes,132
3843,7584,Rodrigo Bentancur,621
3843,8008,Goncalo Ramos,75
3843,8009,Darwin Nunez,511
3843,8071,Sebastian Coates,621
3843,8077,Joao Palhinha,75
3843,8079,Matheus Nunes,75
3843,8133,Matias Vecino,460
3843,8538,Diogo Costa,418
3843,8564,Pepe,418
3843,8593,Rafael Leao,159
3859,1168,Nouhou Tolo,556
3859,12945,Bremer,320
3859,132,Fred,200
3859,13830,Pedro,105
3859,13831,Everton Ribeiro,120
3859,13871,Devis Epassy,556
3859,13872,Collins Fai,556
3859,13873,Pierre Kunde,382
3859,13875,Vincent Aboubakar,556
3859,13878,Jerome Mbekeli,79
3859,162,Gabriel Martinelli,320
3859,1676,Eder Militao,320
3859,1697,Rodrygo,200
3859,1977,André Zambo Anguissa,556
3859,2071,Alex Telles,200
3859,2074,Raphinha,37
3859,30,Gabriel Jesus,215
3859,3846,Marquinhos,120
3859,3924,Bruno Guimarães,120
3859,3934,Karl Toko Ekambi,187
3859,4207,Christopher Wooh,556
3859,4316,Enzo Ebosse,556
3859,44,Fabinho,320
3859,4626,Eric Maxim Choupo-Moting,556
3859,5074,Bryan Mbeumo,369
3859,6,Ederson,320
3859,7605,Olivier Ntcham,174
3859,8039,Antony,283
3859,8402,Nicolas Ngamaleu,477
3859,9330,Dani Alves,320
3857,11488,Ricardo Horta,367
3857,11853,Antonio Silva,367
3857,1257,In-beom Hwang,585
3857,127,Diogo Dalot,367
3857,13907,Seun-gyu Kim,585
3857,13910,Kyung-won Kwon,585
3857,13911,Young-gwon Kim,499
3857,13912,Jin-su Kim,585
3857,13915,Yu-min Cho,26
3857,13920,Jun-ho Son,86
3857,13922,Woo-young Jung,585
3857,13923,Gue-sung Cho,559
3857,17,João Cancelo,367
3857,1830,Kang-in Lee,499
3857,1876,William Carvalho,65
3857,1907,Vitinha,302
3857,240,Rúben Neves,267
3857,2443,Moon-hwan Kim,585
3857,27,Bernardo Silva,65
3857,4280,Ui-jo Hwang,86
3857,4912,André Silva,100
3857,4915,Hee-chan Hwang,150
3857,5038,Jae-sung Lee,435
3857,6020,Cristiano Ronaldo,267
3857,8000,Joao Mario,302
3857,8077,Joao Palhinha,100
3857,8079,Matheus Nunes,267
3857,83,Heung-min Son,585
3857,8538,Diogo Costa,367
3857,8564,Pepe,367
3857,8593,Rafael Leao,100
3829,12154,Famara Diedhiou,335
3829,13032,Pathe Ciss,138
3829,13228,Youssouf Sabaly,425
3829,13901,Pape Abou Cissé,69
3829,13942,Meshaal Barsham,525
3829,13944,Abdelkarim Hassan,525
3829,13945,Boualem Khoukhi,525
3829,13946,Pedro Miguel,449
3829,13947,Ismaeel Mohammed,525
3829,13949,Tarek Salman,76
3829,13951,Homam Ahmed,449
3829,13953,Karim Boudiaf,405
3829,13954,Abdulaziz Hatem,120
3829,13956,Assim Madibo,525
3829,13958,Mohammed Waad,76
3829,13960,Hasan Al-Haydos,422
3829,13961,Akram Afif,525
3829,13962,Almoez Ali,525
3829,13963,Mohammed Muntari,103
3829,2059,Edouard Mendy,425
3829,214,Nampalys Mendy,356
3829,2144,Iliman Ndiaye,90
3829,3848,Abdou Diallo,425
3829,3858,Idrissa Gueye,425
3829,3895,Ismail Jakobs,356
3829,3903,Krépin Diatta,287
3829,3996,Bamba Dieng,90
3829,4152,Pape Sarr,69
3829,428,Ismaïla Sarr,335
3829,7988,Boulaye Dia,425
3829,9993,Kalidou Koulibaly,425
3824,1168,Nouhou Tolo,518
3824,12640,Martin Hongla,392
3824,12960,Ricardo Rodriguez,486
3824,13118,Eray Comert,15
3824,13872,Collins Fai,518
3824,13874,Samuel Oum Gouet,518
3824,13875,Vincent Aboubakar,114
3824,13880,Fabian Frei,127
3824,157,Granit Xhaka,501
3824,1977,André Zambo Anguissa,518
3824,3934,Karl Toko Ekambi,404
3824,4174,Jean-Charles Castelletto,518
3824,4566,Rubén Vargas,432
3824,4626,Eric Maxim Choupo-Moting,404
3824,4661,Manuel Akanji,501
3824,4691,Yann Sommer,501
3824,4695,Nico Elvedi,501
3824,4717,Breel Embolo,374
3824,4732,Djibril Sow,374
3824,5029,Silvan Widmer,501
3824,5074,Bryan Mbeumo,425
3824,57,Xherdan Shaqiri,374
3824,6655,Nicolas N'Koulou,518
3824,8011,Haris Seferovic,127
3824,8018,Andre Onana,518
3824,8113,Noah Okafor,127
3824,8328,Remo Freuler,501
3824,8397,Fabian Rieder,69
3824,8402,Nicolas Ngamaleu,93
3824,8631,Georges-Kevin N'Koudou,114
3824,8741,Gael Ondoua,126
3856,11843,Issahaku Fatawu,8
3856,1363,Inaki Williams,350
3856,1368,Jose Gimenez,458
3856,1380,Thomas Partey,450
3856,13924,Sergio Rochet,458
3856,13927,Guillermo Varela,458
3856,13928,Agustin Canobbio,65
3856,13929,Nicolas De La Cruz,148
3856,13930,Giorgian De Arrascaeta,393
3856,14034,Lawrence Ati Zigi,450
3856,14040,Andre Ayew,244
3856,1535,Luis Suarez,310
3856,1545,Mathí­as Olivera,458
3856,1684,Federico Valverde,458
3856,1836,Maxi Gomez,65
3856,1910,Mohammed Salisu,450
3856,2075,Facundo Pellistri,310
3856,2077,Edinson Cavani,148
3856,213,Daniel Amartey,450
3856,4020,Kamaldeen Sulemana,206
3856,4404,Alidu Seidu,450
3856,4408,Salis Abdul Samed,350
3856,483,Jordan Ayew,244
3856,5085,Abdul Rahman Baba,450
3856,5178,Osman Bukari,206
3856,7192,Antoine Semenyo,100
3856,7584,Rodrigo Bentancur,107
3856,8009,Darwin Nunez,393
3856,8031,Mohammed Kudus,442
3856,8071,Sebastian Coates,458
3856,8133,Matias Vecino,351
3856,9980,Daniel-Kofi Kyereh,100
3858,12561,Sergej Milinković-Savić,295
3858,12576,Nikola Milenkovic,419
3858,12653,Vanja Milinković-Savić,419
3858,12664,Saša Lukić,419
3858,12776,Filip Djuricic,83
3858,12960,Ricardo Rodriguez,485
3858,13906,Andrija Zivkovic,336
3858,1550,Nemanja Maksimovic,124
3858,157,Granit Xhaka,485
3858,1702,Luka Jovic,174
3858,1799,Nemanja Gudelj,174
3858,1991,Aleksandar Mitrovic,419
3858,320,Fabian Schär,485
3858,3880,Strahinja Pavlovic,419
3858,3989,Nemanja Radonjic,83
3858,4566,Rubén Vargas,405
3858,4656,Gregor Kobel,485
3858,4661,Manuel Akanji,485
3858,4703,Denis Zakaria,165
3858,4717,Breel Embolo,473
3858,4732,Djibril Sow,320
3858,4734,Filip Kostic,419
3858,5029,Silvan Widmer,485
3858,5035,Edimilson Fernandes,165
3858,57,Xherdan Shaqiri,320
3858,8037,Dusan Tadić,336
3858,8059,Dušan Vlahović,245
3858,8113,Noah Okafor,12
3858,8328,Remo Freuler,485
3858,8400,Christian Fassnacht,80
3858,9947,Milos Veljkovic,245
3855,13371,Bryan Oviedo,688
3855,13563,Jewison Bennette,133
3855,13779,Juan Pablo Vargas,731
3855,13780,Keysher Fuller,598
3855,13781,Celso Borges,731
3855,13782,Anthony Contreras,43
3855,13784,Johan Venegas,598
3855,13787,Youstin Salas,326
3855,13788,Yeltsin Tejeda,688
3855,13790,Brandon Aguilera,405
3855,13791,Roan Wilson,43
3855,1593,Óscar Duarte,731
3855,1937,Kai Havertz,107
3855,20,Ilkay Gündogan,206
3855,26,Leroy Sané,346
3855,3316,Joel Campbell,731
3855,3841,Keylor Navas,731
3855,4602,Manuel Neuer,346
3855,4608,Niklas Süle,295
3855,4616,Joshua Kimmich,346
3855,4618,Leon Goretzka,168
3855,4621,Jamal Musiala,346
3855,4623,Serge Gnabry,346
3855,4624,Thomas Müller,239
3855,4694,Matthias Ginter,51
3855,4868,David Raum,239
3855,4897,Lukas Klostermann,178
3855,754,Kendall Waston,731
3855,90,Antonio Rüdiger,346
3855,975,Ronald Matarrita,133
3855,9918,Mario Götze,107
3855,9963,Niclas Fullkrug,140
3854,10704,Kaoru Mitoma,495
3854,11841,Hidemasa Morita,1060
3854,13178,Nico Williams,162
3854,1341,Unai Simon,228
3854,13797,Shogo Taniguchi,1060
3854,13798,Yuto Nagatomo,565
3854,13799,Shuichi Gonda,1060
3854,13802,Daizen Maeda,649
3854,1394,Alvaro Morata,162
3854,1513,Jordi Alba,35
3854,1519,Sergio Busquets,228
3854,1529,Ansu Fati,35
3854,1530,Pedri,228
3854,1682,Daniel Carvajal,104
3854,1696,Marco Asensio,66
3854,18,Rodri,228
3854,1841,Pau Torres,228
3854,1860,Takefusa Kubo,565
3854,1950,Ferran Torres,66
3854,2087,Takehiro Tomiyasu,360
3854,2088,Maya Yoshida,1060
3854,2094,Junya Ito,1060
3854,2095,Daichi Kamada,700
3854,2099,Takuma Asano,411
3854,4908,Dani Olmo,228
3854,4928,Wataru Endo,117
3854,5098,Ko Itakura,1060
3854,8341,Gavi,193
3854,8344,Alex Balde,193
3854,8927,Ao Tanaka,943
3854,96,César Azpilicueta,124
3854,9981,Ritsu Doan,495
3853,1025,Kamal Miller,394
3853,11790,Steven Vitoria,394
3853,1225,Richie Laryea,71
3853,1228,Jonathan Osorio,323
3853,12315,Sam Adekugbe,306
3853,12586,Sofyan Amrabat,535
3853,12777,Abdelhamid Sabiri,380
3853,1289,Mark-Anthony Kaye,306
3853,13044,Jawad El Yamiq,106
3853,13866,Selim Amallah,155
3853,13868,Yahya Jabrane,57
3853,13870,Abderrazak Hamdallah,106
3853,14031,Milan Borjan,394
3853,14032,David Wotherspoon,40
3853,1681,Achraf Hakimi,478
3853,1785,Bono,535
3853,1810,Youssef En-Nesyri,535
3853,1938,Hakim Ziyech,429
3853,233,Romain Saïss,535
3853,3965,Jonathan David,88
3853,4002,Nayef Aguerd,535
3853,401,Sofiane Boufal,380
3853,4324,Azzedine Ounahi,429
3853,4611,Alphonso Davies,394
3853,5173,Ismael Kone,88
3853,6916,Junior Hoilett,354
3853,8027,Noussair Mazraoui,535
3853,8627,Atiba Hutchinson,88
3853,9094,Cyle Larin,306
3853,926,Alistair Johnston,394
3853,963,Tajon Buchanan,394
3853,9865,Zakaria Aboukhlal,155
3852,100,Mateo Kovacic,596
3852,11994,Dries Mertens,294
3852,13854,Dominik Livakovic,612
3852,13858,Josip Juranovic,612
3852,13860,Marko Livaja,438
3852,13861,Bruno Petkovic,174
3852,1387,Yannick Carrasco,470
3852,1672,Thibaut Courtois,585
3852,1687,Luka Modric,612
3852,1694,Eden Hazard,29
3852,1960,Timothy Castagne,585
3852,215,Youri Tielemans,115
3852,22,Kevin De Bruyne,585
3852,241,Leander Dendoncker,470
3852,40,Dejan Lovren,612
3852,4021,Jérémy Doku,115
3852,455,Leandro Trossard,391
3852,4669,Thomas Meunier,556
3852,4674,Axel Witsel,585
3852,4684,Thorgan Hazard,194
3852,4883,Andrej Kramaric,438
3852,4892,Josko Gvardiol,612
3852,4926,Borna Sosa,612
3852,5139,Romelu Lukaku,291
3852,5968,Lovro Majer,16
3852,66,Toby Alderweireld,585
3852,67,Jan Vertonghen,585
3852,8129,Marcelo Brozovic,612
3852,8136,Ivan Perisic,612
3852,8330,Mario Pasalic,174
3851,13987,Mohammed Al-Owais,450
3851,13992,Ali Al-Bulayhi,193
3851,13993,Sultan Al-Ghannam,418
3851,13994,Saud Abdulhamid,450
3851,13995,Abdulelah Al-Amri,450
3851,13996,Hassan Tambakti,450
3851,13997,Abdullah Madu,184
3851,13998,Salem Al-Dawsari,450
3851,14002,Hattan Bahebri,32
3851,14003,Mohamed Kanno,450
3851,14006,Ali Al-Hassan,266
3851,14008,Riad Sharahili,257
3851,14009,Abdulrahman Al-Oboud,136
3851,14010,Firas Al-Buraikan,450
3851,14011,Saleh Al-Shehri,314
3851,2106,Edson Alvarez,270
3851,2108,Uriel Antuna,163
3851,2111,Hirving Lozano,300
3851,252,Raúl Jiménez,63
3851,3299,César Montes,300
3851,3301,Héctor Moreno,300
3851,3303,Jesús Gallardo,300
3851,3309,Carlos Rodríguez,63
3851,3314,Rogelio Funes Mori,30
3851,3343,Guillermo Ochoa,300
3851,3352,Jorge Sánchez,270
3851,3367,Henry Martín,237
3851,3387,Orbelín Pineda,237
3851,3414,Alexis Vega,137
3851,3452,Kevin Álvarez,30
3851,3455,Luis Chávez,300
3850,10715,Julian Alvarez,294
3850,11,Nicolás Otamendi,329
3850,11856,Enzo Fernandez,294
3850,12514,Piotr Zielinski,876
3850,12766,Bartosz Bereszynski,575
3850,12820,Jakub Kiwior,876
3850,13222,Nahuel Molina,329
3850,13226,German Pezzella,35
3850,13848,Kamil Glik,876
3850,13849,Artur Jedrzejczyk,301
3850,13850,Grzegorz Krychowiak,721
3850,13851,Michal Skoras,553
3850,13852,Damian Szymanski,433
3850,144,Emiliano Martínez,329
3850,1531,Lionel Messi,329
3850,1896,Matty Cash,876
3850,3856,Leandro Paredes,99
3850,3868,Ángel Di María,230
3850,453,Alexis Mac Allister,294
3850,4625,Robert Lewandowski,876
3850,4851,Krzysztof Piatek,155
3850,5116,Cristian Romero,329
3850,668,Przemyslaw Frankowski,323
3850,6895,Rodrigo de Paul,329
3850,7419,Krystian Bielik,443
3850,7535,Karol Swiderski,323
3850,7757,Thiago Almada,35
3850,8025,Nicolas Tagliafico,99
3850,8042,Wojciech Szczesny,876
3850,8138,Lautaro Martinez,35
3850,9178,Marcos Acuña,230
3850,9939,Jakub Kaminski,553
3849,10756,Jordan Veretout,281
3849,12862,Wajdi Kechrida,633
3849,14013,Aymen Dahmen,633
3849,14017,Ali Maaloul,633
3849,14018,Nader Ghandri,633
3849,14019,Yassine Meriah,633
3849,14021,Ghaylen Chaaleli,217
3849,14022,Aissa Laidouni,633
3849,14023,Mohamed Ali Ben Romdhane,416
3849,14028,Issam Jebali,315
3849,14030,Anis Slimane,502
3849,1532,Ousmane Dembele,29
3849,1534,Antoine Griezmann,38
3849,158,Mattéo Guendouzi,308
3849,1675,Raphael Varane,281
3849,1895,William Saliba,56
3849,3870,Kylian Mbappé,56
3849,3878,Axel Disasi,337
3849,3888,Aurélien Tchouaméni,337
3849,3890,Youssouf Fofana,299
3849,3968,Steve Mandanda,337
3849,4012,Eduardo Camavinga,337
3849,4105,Wahbi Khazri,318
3849,4194,Randal Kolo Muani,337
3849,4622,Kingsley Coman,281
3849,4758,Ellyes Skhiri,633
3849,5097,Ibrahima Konaté,337
3849,8054,Adrien Rabiot,56
3849,9598,Ali Abdi,131
3849,9824,Montassar Talbi,633
3848,11854,Alexander Bah,139
3848,12022,Andreas Cornelius,69
3848,12779,Mikkel Damsgaard,101
3848,13815,Mathew Leckie,636
3848,13817,Jamie Maclaren,96
3848,13819,Mitchell Duke,585
3848,13820,Aziz Behich,681
3848,13821,Keanu Baccus,338
3848,13823,Craig Goodwin,343
3848,13824,Kye Rowles,681
3848,1536,Martin Braithwaite,224
3848,200,Kasper Schmeichel,325
3848,2073,Joachim Andersen,325
3848,395,Pierre-Emile Höjbjerg,325
3848,4053,Kasper Dolberg,101
3848,435,Mathew Ryan,681
3848,449,Aaron Mooy,681
3848,4737,Jesper Lindström,325
3848,4739,Ajdin Hrustic,45
3848,4882,Robert Skov,69
3848,5063,Mathias Jensen,224
3848,6967,Riley McGree,527
3848,7443,Christian Eriksen,325
3848,7478,Milos Degenek,681
3848,8099,Rasmus Kristensen,186
3848,8257,Harry Souttar,681
3848,8324,Joakim Maehle,256
3848,8854,Jackson Irvine,681
3848,9089,Andreas Skov Olsen,256
3848,92,Andreas Christensen,325
3848,9290,Bailey Wright,154
3847,1067,Brenden Aaronson,274
3847,107,Christian Pulisic,201
3847,12183,Haji Wright,155
3847,12222,Majid Hosseini,492
3847,12235,Ali Karimi,214
3847,13121,Yunus Musah,475
3847,1334,Weston McKennie,282
3847,1336,Timothy Weah,349
3847,1339,Tyler Adams,475
3847,1340,Shaq Moore,126
3847,13968,Alireza Beiranvand,492
3847,13971,Ehsan Hajsafi,428
3847,13972,Abolfazl Jalali,64
3847,13975,Milad Mohammadi,278
3847,13977,Morteza Pouraliganji,492
3847,13978,Ramin Rezaeian,492
3847,13980,Saeid Ezatolahi,492
3847,13981,Ali Gholizadeh,453
3847,13982,Ahmad Nourollahi,428
3847,13983,Mehdi Torabi,64
3847,13984,Karim Ansarifard,39
3847,1971,Tim Ream,475
3847,1973,Antonee Robinson,475
3847,5070,Saman Ghoddos,185
3847,5135,Josh Sargent,320
3847,687,Kellyn Acosta,193
3847,70,Cameron Carter-Vickers,475
3847,7441,Sardar Azmoun,307
3847,8343,Sergiño Dest,349
3847,8561,Mehdi Taremi,492
3847,916,Walker Zimmerman,126
3847,940,Matt Turner,475
3846,1,Harry Kane,176
3846,10,John Stones,338
3846,10039,Joe Morrell,178
3846,118,Harry Maguire,338
3846,123,Luke Shaw,203
3846,136,Marcus Rashford,278
3846,137,Daniel James,485
3846,1377,Kieran Trippier,135
3846,16,Kyle Walker,176
3846,169,Jordan Pickford,338
3846,1698,Gareth Bale,373
3846,1931,Ethan Ampadu,608
3846,2005,Kalvin Phillips,162
3846,201,Danny Ward,608
3846,2083,Joe Rodon,608
3846,21,Phil Foden,338
3846,265,Declan Rice,176
3846,286,Chris Mepham,608
3846,308,Harry Wilson,123
3846,311,Callum Wilson,162
3846,371,Jack Grealish,60
3846,42,Trent Alexander-Arnold,162
3846,4677,Jude Bellingham,338
3846,47,Jordan Henderson,338
3846,589,Neco Williams,286
3846,6018,Connor Roberts,322
3846,6935,Joe Allen,491
3846,7008,Brennan Johnson,235
3846,71,Ben Davies,430
3846,7955,Rubin Colwill,117
3846,7966,Kieffer Moore,608
3846,8062,Aaron Ramsey,608
3845,11094,Cody Gakpo,384
3845,11241,Andries Noppert,437
3845,13942,Meshaal Barsham,800
3845,13944,Abdelkarim Hassan,800
3845,13945,Boualem Khoukhi,800
3845,13946,Pedro Miguel,800
3845,13947,Ismaeel Mohammed,709
3845,13950,Musab Khoder,91
3845,13951,Homam Ahmed,800
3845,13953,Karim Boudiaf,253
3845,13954,Abdulaziz Hatem,709
3845,13955,Ali Asad,253
3845,13956,Assim Madibo,547
3845,13960,Hasan Al-Haydos,547
3845,13961,Akram Afif,800
3845,13962,Almoez Ali,547
3845,13963,Mohammed Muntari,253
3845,13964,Ahmed Alaaeldin,91
3845,1522,Frenkie de Jong,399
3845,284,Nathan Aké,437
3845,3315,Vincent Janssen,171
3845,37,Virgil van Dijk,437
3845,5009,Wout Weghorst,53
3845,8022,Jurrien Timber,437
3845,8026,Daley Blind,437
3845,8032,Kenneth Taylor,38
3845,8033,Davy Klaassen,266
3845,8034,Steven Berghuis,171
3845,8134,Denzel Dumfries,437
3845,8326,Teun Koopmeiners,53
3845,8327,Marten De Roon,384
3845,8342,Memphis Depay,266
3844,11960,Enner Valencia,292
3844,1287,José Cifuentes,123
3844,13032,Pathe Ciss,333
3844,13049,Gonzalo Plata,292
3844,13228,Youssouf Sabaly,445
3844,13901,Pape Abou Cissé,13
3844,13935,Hernan Galindez,292
3844,13937,Angelo Preciado,277
3844,13939,Djorkaeff Reasco,78
3844,1406,Pervis Estupinan,292
3844,2059,Edouard Mendy,445
3844,2134,Moises Caicedo,292
3844,214,Nampalys Mendy,112
3844,2144,Iliman Ndiaye,333
3844,3519,Michael Estrada,214
3844,3734,Félix Torres,292
3844,3848,Abdou Diallo,445
3844,3858,Idrissa Gueye,445
3844,3895,Ismail Jakobs,445
3844,3978,Pape Gueye,445
3844,3996,Bamba Dieng,112
3844,428,Ismaïla Sarr,445
3844,4560,Carlos Gruezo,169
3844,5195,Piero Hincapie,292
3844,6596,Jeremy Sarmiento,123
3844,7571,Alan Franco,169
3844,7988,Boulaye Dia,432
3844,9837,Jackson Porozo,15
3844,9993,Kalidou Koulibaly,445
3842,12960,Ricardo Rodriguez,562
3842,132,Fred,331
3842,13880,Fabian Frei,56
3842,157,Granit Xhaka,562
3842,1676,Eder Militao,492
3842,1683,Casemiro,492
3842,1695,Vinícius Junior,492
3842,1697,Rodrygo,224
3842,1926,Thiago Silva,492
3842,195,Richarlison,417
3842,2071,Alex Telles,37
3842,2074,Raphinha,417
3842,30,Gabriel Jesus,75
3842,32,Alisson,492
3842,3846,Marquinhos,492
3842,3924,Bruno Guimarães,161
3842,3930,Lucas Paquetá,268
3842,4566,Rubén Vargas,385
3842,4661,Manuel Akanji,562
3842,4691,Yann Sommer,562
3842,4695,Nico Elvedi,562
3842,4717,Breel Embolo,463
3842,4732,Djibril Sow,463
3842,5006,Renato Steffen,177
3842,5029,Silvan Widmer,506
3842,5035,Edimilson Fernandes,177
3842,8011,Haris Seferovic,99
3842,8039,Antony,75
3842,8050,Alex Sandro,455
3842,8328,Remo Freuler,562
3842,8397,Fabian Rieder,385
3842,8416,Michel Aebischer,99
3841,12502,Min Jae Kim,316
3841,1257,In-beom Hwang,324
3841,1363,Inaki Williams,545
3841,1380,Thomas Partey,545
3841,13907,Seun-gyu Kim,324
3841,13910,Kyung-won Kwon,8
3841,13911,Young-gwon Kim,324
3841,13912,Jin-su Kim,324
3841,13917,Chang-hoon Kwon,230
3841,13918,Sang-ho Na,133
3841,13922,Woo-young Jung,284
3841,13923,Gue-sung Cho,324
3841,14034,Lawrence Ati Zigi,545
3841,14040,Andre Ayew,432
3841,1830,Kang-in Lee,94
3841,1910,Mohammed Salisu,545
3841,1975,Denis Odoi,113
3841,213,Daniel Amartey,545
3841,2443,Moon-hwan Kim,324
3841,4020,Kamaldeen Sulemana,113
3841,4231,Alexander Djiku,105
3841,4265,Gideon Mensah,458
3841,4280,Ui-jo Hwang,40
3841,4408,Salis Abdul Samed,545
3841,444,Tariq Lamptey,432
3841,4795,Woo-yeong Jeong,191
3841,483,Jordan Ayew,432
3841,5085,Abdul Rahman Baba,87
3841,8031,Mohammed Kudus,440
3841,83,Heung-min Son,324
3841,9980,Daniel-Kofi Kyereh,113
3840,1168,Nouhou Tolo,522
3840,12561,Sergej Milinković-Savić,304
3840,12576,Nikola Milenkovic,367
3840,12640,Martin Hongla,287
3840,12653,Vanja Milinković-Savić,367
3840,12664,Saša Lukić,367
3840,12776,Filip Djuricic,15
3840,13151,Srdjan Babic,63
3840,13216,Stefan Mitrović,149
3840,13871,Devis Epassy,522
3840,13872,Collins Fai,522
3840,13873,Pierre Kunde,342
3840,13874,Samuel Oum Gouet,95
3840,13875,Vincent Aboubakar,235
3840,13876,Christian Bassogog,180
3840,13906,Andrija Zivkovic,304
3840,1550,Nemanja Maksimovic,367
3840,1957,Marko Grujic,63
3840,1977,André Zambo Anguissa,427
3840,1991,Aleksandar Mitrovic,367
3840,3880,Strahinja Pavlovic,218
3840,3934,Karl Toko Ekambi,342
3840,3989,Nemanja Radonjic,63
3840,4174,Jean-Charles Castelletto,522
3840,4626,Eric Maxim Choupo-Moting,522
3840,4734,Filip Kostic,352
3840,5074,Bryan Mbeumo,427
3840,6655,Nicolas N'Koulou,522
3840,8037,Dusan Tadić,367
3840,8631,Georges-Kevin N'Koudou,95
3840,8741,Gael Ondoua,180
3840,9947,Milos Veljkovic,304
3839,13178,Nico Williams,128
3839,1341,Unai Simon,360
3839,1383,Koke,128
3839,1394,Alvaro Morata,160
3839,1513,Jordi Alba,327
3839,1519,Sergio Busquets,360
3839,1530,Pedri,360
3839,1682,Daniel Carvajal,360
3839,1696,Marco Asensio,232
3839,18,Rodri,360
3839,1950,Ferran Torres,200
3839,20,Ilkay Gündogan,494
3839,26,Leroy Sané,153
3839,3849,Thilo Kehrer,494
3839,4602,Manuel Neuer,647
3839,4608,Niklas Süle,647
3839,4616,Joshua Kimmich,647
3839,4618,Leon Goretzka,647
3839,4621,Jamal Musiala,647
3839,4623,Serge Gnabry,573
3839,4624,Thomas Müller,494
3839,4713,Jonas Hofmann,74
3839,4779,Nico Schlotterbeck,61
3839,4868,David Raum,586
3839,4897,Lukas Klostermann,153
3839,4908,Dani Olmo,360
3839,8341,Gavi,232
3839,8344,Alex Balde,33
3839,9,Aymeric Laporte,360
3839,90,Antonio Rüdiger,647
3839,9963,Niclas Fullkrug,153
3838,100,Mateo Kovacic,443
3838,1025,Kamal Miller,472
3838,11790,Steven Vitoria,472
3838,1225,Richie Laryea,373
3838,1228,Jonathan Osorio,187
3838,12315,Sam Adekugbe,62
3838,1267,Lucas Cavallini,62
3838,13854,Dominik Livakovic,503
3838,13858,Josip Juranovic,503
3838,13859,Mislav Orsic,60
3838,13860,Marko Livaja,318
3838,13861,Bruno Petkovic,185
3838,14031,Milan Borjan,472
3838,1687,Luka Modric,443
3838,3965,Jonathan David,410
3838,40,Dejan Lovren,503
3838,4611,Alphonso Davies,472
3838,4883,Andrej Kramaric,374
3838,4892,Josko Gvardiol,503
3838,4926,Borna Sosa,503
3838,5173,Ismael Kone,187
3838,5968,Lovro Majer,60
3838,6019,Nikola Vlasic,129
3838,6916,Junior Hoilett,99
3838,8129,Marcelo Brozovic,503
3838,8136,Ivan Perisic,443
3838,8330,Mario Pasalic,60
3838,8551,Stephen Eustaquio,285
3838,8627,Atiba Hutchinson,410
3838,9094,Cyle Larin,285
3838,926,Alistair Johnston,472
3838,963,Tajon Buchanan,472
3837,112,Michy Batshuayi,286
3837,11994,Dries Mertens,101
3837,12586,Sofyan Amrabat,671
3837,12777,Abdelhamid Sabiri,166
3837,13044,Jawad El Yamiq,109
3837,13862,Munir,671
3837,13864,Yahia Attiat-Allah,166
3837,13866,Selim Amallah,505
3837,13870,Abderrazak Hamdallah,139
3837,1672,Thibaut Courtois,331
3837,1681,Achraf Hakimi,505
3837,1694,Eden Hazard,230
3837,1810,Youssef En-Nesyri,532
3837,1938,Hakim Ziyech,671
3837,1960,Timothy Castagne,331
3837,215,Youri Tielemans,101
3837,22,Kevin De Bruyne,331
3837,233,Romain Saïss,671
3837,4002,Nayef Aguerd,671
3837,401,Sofiane Boufal,532
3837,4324,Azzedine Ounahi,562
3837,4498,Amadou Onana,230
3837,455,Leandro Trossard,45
3837,4669,Thomas Meunier,295
3837,4674,Axel Witsel,331
3837,4684,Thorgan Hazard,286
3837,5139,Romelu Lukaku,36
3837,66,Toby Alderweireld,331
3837,67,Jan Vertonghen,331
3837,8027,Noussair Mazraoui,671
3837,9090,Charles De Ketelaere,45
3837,9865,Zakaria Aboukhlal,139
3836,10704,Kaoru Mitoma,77
3836,11841,Hidemasa Morita,450
3836,13371,Bryan Oviedo,597
3836,13563,Jewison Bennette,210
3836,13778,Daniel Chacon,7
3836,13780,Keysher Fuller,597
3836,13781,Celso Borges,563
3836,13782,Anthony Contreras,387
3836,13785,Gerson Torres,387
3836,13787,Youstin Salas,34
3836,13788,Yeltsin Tejeda,597
3836,13790,Brandon Aguilera,210
3836,13796,Miki Yamane,373
3836,13798,Yuto Nagatomo,335
3836,13799,Shuichi Gonda,450
3836,13800,Ayase Ueda,335
3836,13801,Yuki Soma,428
3836,1593,Óscar Duarte,597
3836,2088,Maya Yoshida,450
3836,2094,Junya Ito,71
3836,2095,Daichi Kamada,450
3836,2099,Takuma Asano,115
3836,3316,Joel Campbell,590
3836,3841,Keylor Navas,597
3836,4925,Hiroki Ito,115
3836,4928,Wataru Endo,450
3836,5098,Ko Itakura,450
3836,55,Takumi Minamino,22
3836,649,Francisco Calvo,597
3836,754,Kendall Waston,597
3836,9981,Ritsu Doan,379
3835,10715,Julian Alvarez,185
3835,11,Nicolás Otamendi,380
3835,11090,Erick Gutierrez,305
3835,11856,Enzo Fernandez,200
3835,13222,Nahuel Molina,185
3835,1384,Hector Herrera,554
3835,144,Emiliano Martínez,380
3835,1452,Nestor Araujo,554
3835,1531,Lionel Messi,380
3835,1877,Guido Rodríguez,180
3835,1880,Andres Guardado,249
3835,2108,Uriel Antuna,88
3835,2110,Roberto Alvarado,67
3835,2111,Hirving Lozano,487
3835,252,Raúl Jiménez,88
3835,3299,César Montes,554
3835,3301,Héctor Moreno,554
3835,3303,Jesús Gallardo,554
3835,3343,Guillermo Ochoa,554
3835,3414,Alexis Vega,466
3835,3452,Kevin Álvarez,466
3835,3455,Luis Chávez,554
3835,3868,Ángel Di María,218
3835,453,Alexis Mac Allister,218
3835,4590,Exequiel Palacios,162
3835,5116,Cristian Romero,162
3835,6895,Rodrigo de Paul,380
3835,8023,Lisandro Martinez,380
3835,8138,Lautaro Martinez,195
3835,8419,Gonzalo Montiel,195
3835,9178,Marcos Acuña,380
3834,113,Olivier Giroud,348
3834,11854,Alexander Bah,21
3834,11967,Victor Nelsson,515
3834,12022,Andreas Cornelius,264
3834,12779,Mikkel Damsgaard,403
3834,1532,Ousmane Dembele,422
3834,1534,Antoine Griezmann,493
3834,1536,Martin Braithwaite,251
3834,1675,Raphael Varane,422
3834,1789,Jules Kounde,534
3834,200,Kasper Schmeichel,515
3834,2073,Joachim Andersen,515
3834,3870,Kylian Mbappé,534
3834,3888,Aurélien Tchouaméni,534
3834,3890,Youssouf Fofana,41
3834,395,Pierre-Emile Höjbjerg,515
3834,4053,Kasper Dolberg,112
3834,4606,Dayot Upamecano,534
3834,4622,Kingsley Coman,112
3834,4712,Marcus Thuram,186
3834,4737,Jesper Lindström,446
3834,5065,Christian Nörgaard,69
3834,5097,Ibrahima Konaté,112
3834,61,Hugo Lloris,534
3834,7443,Christian Eriksen,515
3834,8054,Adrien Rabiot,534
3834,8099,Rasmus Kristensen,494
3834,8324,Joakim Maehle,515
3834,8583,Theo Hernandez,534
3834,92,Andreas Christensen,515
10502,1067,Brenden Aaronson,126
10502,107,Christian Pulisic,423
10502,11094,Cody Gakpo,570
10502,11241,Andries Noppert,592
10502,1184,Jordan Morris,11
10502,12183,Haji Wright,126
10502,13121,Yunus Musah,423
10502,1334,Weston McKennie,297
10502,1336,Timothy Weah,297
10502,1339,Tyler Adams,423
10502,1522,Frenkie de Jong,592
10502,1971,Tim Ream,423
10502,1973,Antonee Robinson,412
10502,284,Nathan Aké,570
10502,328,DeAndre Yedlin,73
10502,37,Virgil van Dijk,592
10502,3861,Xavi Simons,102
10502,4681,Giovanni Reyna,230
10502,5009,Wout Weghorst,22
10502,802,Jesús Ferreira,193
10502,8022,Jurrien Timber,592
10502,8026,Daley Blind,592
10502,8033,Davy Klaassen,327
10502,8045,Matthijs De Ligt,22
10502,8134,Denzel Dumfries,592
10502,8326,Teun Koopmeiners,265
10502,8327,Marten De Roon,327
10502,8342,Memphis Depay,490
10502,8343,Sergiño Dest,350
10502,84,Steven Bergwijn,265
10502,916,Walker Zimmerman,423
10502,940,Matt Turner,423
10507,12502,Min Jae Kim,616
10507,1257,In-beom Hwang,457
10507,12945,Bremer,127
10507,13829,Weverton,94
10507,13907,Seun-gyu Kim,616
10507,13911,Young-gwon Kim,616
10507,13912,Jin-su Kim,325
10507,13916,Chul Hong,291
10507,13919,Seung-ho Paik,159
10507,13920,Jun-ho Son,291
10507,13922,Woo-young Jung,325
10507,13923,Gue-sung Cho,531
10507,162,Gabriel Martinelli,127
10507,1676,Eder Militao,361
10507,1683,Casemiro,544
10507,1695,Vinícius Junior,417
10507,1697,Rodrygo,94
10507,1830,Kang-in Lee,112
10507,1926,Thiago Silva,544
10507,195,Richarlison,544
10507,2074,Raphinha,544
10507,2443,Moon-hwan Kim,616
10507,32,Alisson,450
10507,3846,Marquinhos,544
10507,3865,Neymar,450
10507,3930,Lucas Paquetá,544
10507,4280,Ui-jo Hwang,85
10507,4915,Hee-chan Hwang,616
10507,5038,Jae-sung Lee,504
10507,8061,Danilo,417
10507,83,Heung-min Son,616
10507,9330,Dani Alves,183
10506,100,Mateo Kovacic,446
10506,10704,Kaoru Mitoma,331
10506,11841,Hidemasa Morita,658
10506,13797,Shogo Taniguchi,755
10506,13798,Yuto Nagatomo,424
10506,13799,Shuichi Gonda,755
10506,13802,Daizen Maeda,424
10506,13854,Dominik Livakovic,536
10506,13857,Borna Barisic,536
10506,13858,Josip Juranovic,536
10506,13859,Mislav Orsic,68
10506,13860,Marko Livaja,68
10506,13861,Bruno Petkovic,307
10506,1665,Ante Budimir,161
10506,1687,Luka Modric,446
10506,2087,Takehiro Tomiyasu,755
10506,2088,Maya Yoshida,755
10506,2090,Hiroki Sakai,277
10506,2094,Junya Ito,755
10506,2095,Daichi Kamada,478
10506,2099,Takuma Asano,331
10506,40,Dejan Lovren,536
10506,4883,Andrej Kramaric,314
10506,4892,Josko Gvardiol,536
10506,4928,Wataru Endo,755
10506,55,Takumi Minamino,218
10506,5968,Lovro Majer,90
10506,6019,Nikola Vlasic,90
10506,8129,Marcelo Brozovic,536
10506,8136,Ivan Perisic,468
10506,8330,Mario Pasalic,222
10506,8927,Ao Tanaka,97
10506,9981,Ritsu Doan,537
10505,1,Harry Kane,382
10505,10,John Stones,277
10505,105,Mason Mount,105
10505,118,Harry Maguire,382
10505,12154,Famara Diedhiou,96
10505,123,Luke Shaw,382
10505,13032,Pathe Ciss,315
10505,13228,Youssouf Sabaly,598
10505,136,Marcus Rashford,144
10505,16,Kyle Walker,382
10505,163,Bukayo Saka,238
10505,169,Jordan Pickford,382
10505,2005,Kalvin Phillips,85
10505,2059,Edouard Mendy,598
10505,21,Phil Foden,238
10505,214,Nampalys Mendy,598
10505,2144,Iliman Ndiaye,315
10505,265,Declan Rice,382
10505,371,Jack Grealish,144
10505,3848,Abdou Diallo,598
10505,3895,Ismail Jakobs,562
10505,3903,Krépin Diatta,315
10505,3978,Pape Gueye,283
10505,3996,Bamba Dieng,283
10505,4152,Pape Sarr,283
10505,428,Ismaïla Sarr,598
10505,4677,Jude Bellingham,277
10505,47,Jordan Henderson,297
10505,74,Eric Dier,105
10505,7988,Boulaye Dia,502
10505,8584,Fode Ballo-Toure,36
10505,9993,Kalidou Koulibaly,598
10504,11113,Sebastian Szymanski,414
10504,113,Olivier Giroud,375
10504,12514,Piotr Zielinski,567
10504,12537,Nicola Zalewski,126
10504,12766,Bartosz Bereszynski,567
10504,12820,Jakub Kiwior,520
10504,13848,Kamil Glik,567
10504,13850,Grzegorz Krychowiak,441
10504,1532,Ousmane Dembele,375
10504,1534,Antoine Griezmann,464
10504,1675,Raphael Varane,464
10504,1789,Jules Kounde,441
10504,1896,Matty Cash,567
10504,2042,Kamil Grosicki,47
10504,385,Jan Bednarek,47
10504,3870,Kylian Mbappé,464
10504,3878,Axel Disasi,23
10504,3888,Aurélien Tchouaméni,320
10504,3890,Youssouf Fofana,144
10504,3994,Arkadiusz Milik,153
10504,4606,Dayot Upamecano,464
10504,4622,Kingsley Coman,89
10504,4625,Robert Lewandowski,567
10504,4712,Marcus Thuram,89
10504,61,Hugo Lloris,464
10504,668,Przemyslaw Frankowski,520
10504,7419,Krystian Bielik,126
10504,8042,Wojciech Szczesny,567
10504,8054,Adrien Rabiot,464
10504,8583,Theo Hernandez,464
10504,9939,Jakub Kaminski,441
10503,10715,Julian Alvarez,348
10503,11,Nicolás Otamendi,452
10503,11856,Enzo Fernandez,452
10503,13222,Nahuel Molina,380
10503,13813,Fran Karacic,115
10503,13815,Mathew Leckie,597
10503,13817,Jamie Maclaren,115
10503,13819,Mitchell Duke,597
10503,13820,Aziz Behich,712
10503,13821,Keanu Baccus,511
10503,13823,Craig Goodwin,201
10503,13824,Kye Rowles,712
10503,13825,Garang Kuol,115
10503,144,Emiliano Martínez,452
10503,1531,Lionel Messi,452
10503,435,Mathew Ryan,712
10503,449,Aaron Mooy,712
10503,453,Alexis Mac Allister,380
10503,4590,Exequiel Palacios,72
10503,4739,Ajdin Hrustic,201
10503,5116,Cristian Romero,452
10503,6895,Rodrigo de Paul,452
10503,6967,Riley McGree,511
10503,7478,Milos Degenek,597
10503,8023,Lisandro Martinez,204
10503,8025,Nicolas Tagliafico,104
10503,8138,Lautaro Martinez,104
10503,8257,Harry Souttar,712
10503,8419,Gonzalo Montiel,72
10503,8420,Papu Gómez,248
10503,8854,Jackson Irvine,712
10503,9178,Marcos Acuña,348
3833,12514,Piotr Zielinski,369
3833,12766,Bartosz Bereszynski,553
3833,12820,Jakub Kiwior,553
3833,13848,Kamil Glik,553
3833,13850,Grzegorz Krychowiak,553
3833,13987,Mohammed Al-Owais,326
3833,13991,Mohammed Al-Burayk,238
3833,13992,Ali Al-Bulayhi,326
3833,13993,Sultan Al-Ghannam,88
3833,13994,Saud Abdulhamid,326
3833,13995,Abdulelah Al-Amri,326
3833,13998,Salem Al-Dawsari,326
3833,14000,Nawaf Al-Abed,129
3833,14002,Hattan Bahebri,8
3833,14003,Mohamed Kanno,326
3833,14004,Abdulelah Al-Malki,291
3833,14005,Sami Al-Najei,189
3833,14007,Nasser Al-Dawsari,35
3833,14009,Abdulrahman Al-Oboud,35
3833,14010,Firas Al-Buraikan,326
3833,14011,Saleh Al-Shehri,291
3833,1896,Matty Cash,553
3833,3994,Arkadiusz Milik,404
3833,4625,Robert Lewandowski,553
3833,4851,Krzysztof Piatek,149
3833,668,Przemyslaw Frankowski,553
3833,7419,Krystian Bielik,553
3833,8042,Wojciech Szczesny,553
3833,9939,Jakub Kaminski,184
3832,12862,Wajdi Kechrida,66
3832,13109,Awer Mabil,62
3832,13813,Fran Karacic,417
3832,13815,Mathew Leckie,455
3832,13817,Jamie Maclaren,168
3832,13819,Mitchell Duke,349
3832,13820,Aziz Behich,517
3832,13821,Keanu Baccus,62
3832,13823,Craig Goodwin,455
3832,13824,Kye Rowles,517
3832,14013,Aymen Dahmen,370
3832,14019,Yassine Meriah,370
3832,14022,Aissa Laidouni,286
3832,14024,Ferjani Sassi,155
3832,14025,Youssef Msakni,370
3832,14027,Naim Sliti,370
3832,14028,Issam Jebali,304
3832,14029,Taha Yassine Khenissi,66
3832,4105,Wahbi Khazri,84
3832,4142,Dylan Bronn,304
3832,435,Mathew Ryan,517
3832,449,Aaron Mooy,517
3832,4739,Ajdin Hrustic,168
3832,4758,Ellyes Skhiri,370
3832,6967,Riley McGree,349
3832,7478,Milos Degenek,100
3832,7649,Mohamed Drager,215
3832,8257,Harry Souttar,517
3832,8854,Jackson Irvine,517
3832,9598,Ali Abdi,370
3832,9824,Montassar Talbi,370
3831,1,Harry Kane,444
3831,10,John Stones,444
3831,105,Mason Mount,444
3831,1067,Brenden Aaronson,66
3831,107,Christian Pulisic,560
3831,118,Harry Maguire,444
3831,12183,Haji Wright,521
3831,123,Luke Shaw,444
3831,13121,Yunus Musah,560
3831,1334,Weston McKennie,494
3831,1336,Timothy Weah,521
3831,1339,Tyler Adams,560
3831,1340,Shaq Moore,66
3831,136,Marcus Rashford,103
3831,1377,Kieran Trippier,444
3831,163,Bukayo Saka,341
3831,169,Jordan Pickford,444
3831,1971,Tim Ream,560
3831,1973,Antonee Robinson,560
3831,25,Raheem Sterling,320
3831,265,Declan Rice,444
3831,371,Jack Grealish,124
3831,4677,Jude Bellingham,320
3831,4681,Giovanni Reyna,39
3831,47,Jordan Henderson,124
3831,5135,Josh Sargent,39
3831,8343,Sergiño Dest,494
3831,916,Walker Zimmerman,560
3831,940,Matt Turner,560
3830,1034,Jhegson Méndez,533
3830,11094,Cody Gakpo,377
3830,11241,Andries Noppert,440
3830,11960,Enner Valencia,501
3830,13049,Gonzalo Plata,501
3830,13935,Hernan Galindez,533
3830,13937,Angelo Preciado,533
3830,13940,Kevin Rodriguez,32
3830,1406,Pervis Estupinan,533
3830,1522,Frenkie de Jong,440
3830,2134,Moises Caicedo,533
3830,284,Nathan Aké,440
3830,3460,Romario Ibarra,32
3830,3519,Michael Estrada,432
3830,37,Virgil van Dijk,440
3830,3734,Félix Torres,533
3830,5009,Wout Weghorst,63
3830,5195,Piero Hincapie,533
3830,6596,Jeremy Sarmiento,101
3830,8022,Jurrien Timber,440
3830,8026,Daley Blind,440
3830,8033,Davy Klaassen,331
3830,8034,Steven Berghuis,109
3830,8134,Denzel Dumfries,440
3830,8326,Teun Koopmeiners,377
3830,8327,Marten De Roon,63
3830,8342,Memphis Depay,182
3830,84,Steven Bergwijn,258
3830,9837,Jackson Porozo,533
3828,12222,Majid Hosseini,529
3828,12235,Ali Karimi,47
3828,137,Daniel James,120
3828,13969,Hossein Hosseini,529
3828,13970,Roozbeh Cheshmi,84
3828,13971,Ehsan Hajsafi,445
3828,13975,Milad Mohammadi,529
3828,13977,Morteza Pouraliganji,529
3828,13978,Ramin Rezaeian,529
3828,13980,Saeid Ezatolahi,482
3828,13981,Ali Gholizadeh,445
3828,13982,Ahmad Nourollahi,445
3828,13983,Mehdi Torabi,84
3828,13984,Karim Ansarifard,119
3828,1698,Gareth Bale,316
3828,1931,Ethan Ampadu,241
3828,201,Danny Ward,59
3828,2083,Joe Rodon,316
3828,286,Chris Mepham,316
3828,308,Harry Wilson,196
3828,457,Alireza Jahanbakhsh,84
3828,462,Wayne Hennessey,316
3828,589,Neco Williams,316
3828,6018,Connor Roberts,196
3828,6935,Joe Allen,75
3828,7008,Brennan Johnson,120
3828,71,Ben Davies,316
3828,7441,Sardar Azmoun,410
3828,7966,Kieffer Moore,316
3828,8062,Aaron Ramsey,257
3828,8561,Mehdi Taremi,529
3827,12561,Sergej Milinković-Savić,599
3827,12576,Nikola Milenkovic,599
3827,12642,Ivan Ilić,213
3827,12643,Darko Lazović,178
3827,12653,Vanja Milinković-Savić,599
3827,12664,Saša Lukić,421
3827,132,Fred,95
3827,13904,Filip Mladenovic,421
3827,13906,Andrija Zivkovic,386
3827,1550,Nemanja Maksimovic,91
3827,162,Gabriel Martinelli,59
3827,1683,Casemiro,418
3827,1695,Vinícius Junior,323
3827,1697,Rodrygo,95
3827,1799,Nemanja Gudelj,386
3827,1926,Thiago Silva,418
3827,195,Richarlison,345
3827,1991,Aleksandar Mitrovic,508
3827,2074,Raphinha,359
3827,30,Gabriel Jesus,73
3827,32,Alisson,418
3827,3846,Marquinhos,418
3827,3865,Neymar,345
3827,3880,Strahinja Pavlovic,599
3827,3930,Lucas Paquetá,323
3827,3989,Nemanja Radonjic,213
3827,8037,Dusan Tadić,599
3827,8039,Antony,73
3827,8050,Alex Sandro,418
3827,8059,Dušan Vlahović,178
3827,8061,Danilo,418
3827,9947,Milos Veljkovic,599
3826,133,Bruno Fernandes,393
3826,1363,Inaki Williams,632
3826,1380,Thomas Partey,632
3826,1393,Joao Felix,355
3826,14034,Lawrence Ati Zigi,632
3826,14040,Andre Ayew,544
3826,17,João Cancelo,393
3826,1876,William Carvalho,168
3826,1910,Mohammed Salisu,632
3826,2066,Ruben Dias,393
3826,213,Daniel Amartey,632
3826,240,Rúben Neves,290
3826,27,Bernardo Silva,355
3826,3857,Danilo Pereira,393
3826,4231,Alexander Djiku,591
3826,4404,Alidu Seidu,474
3826,4408,Salis Abdul Samed,591
3826,444,Tariq Lamptey,158
3826,4666,Raphaël Guerreiro,393
3826,483,Jordan Ayew,88
3826,5085,Abdul Rahman Baba,632
3826,5178,Osman Bukari,88
3826,6020,Cristiano Ronaldo,355
3826,7192,Antoine Semenyo,41
3826,8000,Joao Mario,38
3826,8008,Goncalo Ramos,38
3826,8031,Mohammed Kudus,544
3826,8077,Joao Palhinha,38
3826,8538,Diogo Costa,393
3826,8555,Otavio,225
3826,8593,Rafael Leao,103
3826,9980,Daniel-Kofi Kyereh,41
3825,12502,Min Jae Kim,554
3825,12529,Matias Vina,71
3825,1257,In-beom Hwang,554
3825,13462,Martín Cáceres,445
3825,1368,Jose Gimenez,445
3825,13907,Seun-gyu Kim,554
3825,13911,Young-gwon Kim,554
3825,13912,Jin-su Kim,554
3825,13918,Sang-ho Na,411
3825,13920,Jun-ho Son,143
3825,13922,Woo-young Jung,554
3825,13923,Gue-sung Cho,143
3825,13924,Sergio Rochet,445
3825,13926,Diego Godin,445
3825,13927,Guillermo Varela,39
3825,13929,Nicolas De La Cruz,71
3825,1535,Luis Suarez,324
3825,1545,Mathí­as Olivera,374
3825,1684,Federico Valverde,445
3825,1830,Kang-in Lee,143
3825,2075,Facundo Pellistri,406
3825,2077,Edinson Cavani,121
3825,2443,Moon-hwan Kim,554
3825,4280,Ui-jo Hwang,411
3825,5038,Jae-sung Lee,411
3825,7584,Rodrigo Bentancur,445
3825,8009,Darwin Nunez,445
3825,8133,Matias Vecino,374
3825,83,Heung-min Son,554
3823,1025,Kamal Miller,526
3823,112,Michy Batshuayi,386
3823,11790,Steven Vitoria,526
3823,1225,Richie Laryea,450
3823,1228,Jonathan Osorio,53
3823,12315,Sam Adekugbe,76
3823,1387,Yannick Carrasco,222
3823,14031,Milan Borjan,526
3823,14033,Liam Millar,53
3823,1672,Thibaut Courtois,459
3823,1694,Eden Hazard,265
3823,1960,Timothy Castagne,459
3823,215,Youri Tielemans,222
3823,22,Kevin De Bruyne,459
3823,241,Leander Dendoncker,459
3823,3965,Jonathan David,526
3823,4498,Amadou Onana,237
3823,455,Leandro Trossard,194
3823,4611,Alphonso Davies,526
3823,4669,Thomas Meunier,237
3823,4674,Axel Witsel,459
3823,5173,Ismael Kone,158
3823,66,Toby Alderweireld,459
3823,67,Jan Vertonghen,459
3823,6916,Junior Hoilett,368
3823,8551,Stephen Eustaquio,473
3823,8627,Atiba Hutchinson,368
3823,9094,Cyle Larin,158
3823,926,Alistair Johnston,526
3823,963,Tajon Buchanan,473
3823,9806,Lois Openda,73
3822,13178,Nico Williams,79
3822,13371,Bryan Oviedo,917
3822,1341,Unai Simon,233
3822,13563,Jewison Bennette,743
3822,13780,Keysher Fuller,1062
3822,13781,Celso Borges,827
3822,13782,Anthony Contreras,743
3822,13783,Bryan Ruiz,319
3822,13786,Carlos Martinez,586
3822,13788,Yeltsin Tejeda,1062
3822,13790,Brandon Aguilera,235
3822,13795,Alvaro Zamora,319
3822,1383,Koke,101
3822,1394,Alvaro Morata,107
3822,1513,Jordi Alba,132
3822,1519,Sergio Busquets,132
3822,1530,Pedri,126
3822,1593,Óscar Duarte,1062
3822,1696,Marco Asensio,154
3822,18,Rodri,233
3822,1829,Carlos Soler,107
3822,1950,Ferran Torres,126
3822,3316,Joel Campbell,1062
3822,3841,Keylor Navas,1062
3822,4908,Dani Olmo,233
3822,649,Francisco Calvo,1062
3822,754,Kendall Waston,476
3822,8341,Gavi,233
3822,8344,Alex Balde,101
3822,9,Aymeric Laporte,233
3822,96,César Azpilicueta,233
3822,975,Ronald Matarrita,145
3821,10704,Kaoru Mitoma,239
3821,13798,Yuto Nagatomo,553
3821,13799,Shuichi Gonda,792
3821,13802,Daizen Maeda,553
3821,1860,Takefusa Kubo,478
3821,1937,Kai Havertz,254
3821,20,Ilkay Gündogan,203
3821,2087,Takehiro Tomiyasu,314
3821,2088,Maya Yoshida,792
3821,2090,Hiroki Sakai,658
3821,2094,Junya Ito,792
3821,2095,Daichi Kamada,792
3821,2099,Takuma Asano,239
3821,4602,Manuel Neuer,277
3821,4608,Niklas Süle,277
3821,4616,Joshua Kimmich,277
3821,4618,Leon Goretzka,74
3821,4621,Jamal Musiala,254
3821,4623,Serge Gnabry,266
3821,4624,Thomas Müller,203
3821,4689,Youssoufa Moukoko,11
3821,4713,Jonas Hofmann,74
3821,4779,Nico Schlotterbeck,277
3821,4868,David Raum,277
3821,4928,Wataru Endo,792
3821,5098,Ko Itakura,792
3821,55,Takumi Minamino,134
3821,8927,Ao Tanaka,641
3821,90,Antonio Rüdiger,277
3821,9918,Mario Götze,23
3821,9963,Niclas Fullkrug,23
3821,9981,Ritsu Doan,151
3820,100,Mateo Kovacic,299
3820,12586,Sofyan Amrabat,661
3820,12777,Abdelhamid Sabiri,92
3820,13021,Abde Ezzalzouli,231
3820,13854,Dominik Livakovic,374
3820,13858,Josip Juranovic,374
3820,13859,Mislav Orsic,29
3820,13860,Marko Livaja,87
3820,13864,Yahia Attiat-Allah,252
3820,13866,Selim Amallah,661
3820,13870,Abderrazak Hamdallah,92
3820,1681,Achraf Hakimi,661
3820,1687,Luka Modric,374
3820,1785,Bono,661
3820,1810,Youssef En-Nesyri,569
3820,1938,Hakim Ziyech,661
3820,233,Romain Saïss,661
3820,40,Dejan Lovren,374
3820,4002,Nayef Aguerd,661
3820,401,Sofiane Boufal,430
3820,4324,Azzedine Ounahi,569
3820,4883,Andrej Kramaric,287
3820,4892,Josko Gvardiol,374
3820,4926,Borna Sosa,374
3820,5968,Lovro Majer,75
3820,6019,Nikola Vlasic,225
3820,8027,Noussair Mazraoui,409
3820,8129,Marcelo Brozovic,374
3820,8136,Ivan Perisic,345
3820,8330,Mario Pasalic,149
3819,113,Olivier Giroud,408
3819,13109,Awer Mabil,168
3819,13811,Nathaniel Atkinson,635
3819,13815,Mathew Leckie,723
3819,13819,Mitchell Duke,421
3819,13820,Aziz Behich,723
3819,13821,Keanu Baccus,88
3819,13822,Jason Cummings,302
3819,13823,Craig Goodwin,555
3819,13824,Kye Rowles,723
3819,13825,Garang Kuol,168
3819,1532,Ousmane Dembele,339
3819,1534,Antoine Griezmann,450
3819,1789,Jules Kounde,42
3819,3870,Kylian Mbappé,450
3819,3888,Aurélien Tchouaméni,339
3819,3890,Youssouf Fofana,111
3819,435,Mathew Ryan,723
3819,449,Aaron Mooy,723
3819,4606,Dayot Upamecano,450
3819,4607,Lucas Hernández,68
3819,4613,Benjamin Pavard,408
3819,4622,Kingsley Coman,111
3819,4712,Marcus Thuram,42
3819,5097,Ibrahima Konaté,450
3819,61,Hugo Lloris,450
3819,6967,Riley McGree,555
3819,7478,Milos Degenek,88
3819,8054,Adrien Rabiot,450
3819,8257,Harry Souttar,723
3819,8583,Theo Hernandez,382
3819,8854,Jackson Irvine,635
3818,11113,Sebastian Szymanski,371
3818,12514,Piotr Zielinski,448
3818,12537,Nicola Zalewski,267
3818,12766,Bartosz Bereszynski,495
3818,12820,Jakub Kiwior,495
3818,1384,Hector Herrera,251
3818,13848,Kamil Glik,495
3818,13850,Grzegorz Krychowiak,495
3818,1896,Matty Cash,495
3818,2106,Edson Alvarez,341
3818,2108,Uriel Antuna,51
3818,2111,Hirving Lozano,341
3818,252,Raúl Jiménez,90
3818,3299,César Montes,341
3818,3301,Héctor Moreno,341
3818,3303,Jesús Gallardo,341
3818,3309,Carlos Rodríguez,90
3818,3343,Guillermo Ochoa,341
3818,3352,Jorge Sánchez,341
3818,3367,Henry Martín,251
3818,3414,Alexis Vega,290
3818,3455,Luis Chávez,341
3818,3994,Arkadiusz Milik,47
3818,4625,Robert Lewandowski,495
3818,668,Przemyslaw Frankowski,124
3818,7419,Krystian Bielik,228
3818,8042,Wojciech Szczesny,495
3818,9939,Jakub Kaminski,495
3817,12022,Andreas Cornelius,79
3817,12779,Mikkel Damsgaard,201
3817,12862,Wajdi Kechrida,49
3817,14013,Aymen Dahmen,612
3817,14019,Yassine Meriah,612
3817,14022,Aissa Laidouni,563
3817,14024,Ferjani Sassi,49
3817,14025,Youssef Msakni,515
3817,14027,Naim Sliti,172
3817,14028,Issam Jebali,515
3817,14029,Taha Yassine Khenissi,97
3817,14030,Anis Slimane,440
3817,200,Kasper Schmeichel,395
3817,2073,Joachim Andersen,395
3817,3263,Hannibal Mejbri,97
3817,395,Pierre-Emile Höjbjerg,395
3817,4053,Kasper Dolberg,316
3817,4142,Dylan Bronn,612
3817,4673,Thomas Delaney,194
3817,4737,Jesper Lindström,79
3817,4758,Ellyes Skhiri,612
3817,5063,Mathias Jensen,79
3817,7443,Christian Eriksen,395
3817,7649,Mohamed Drager,563
3817,8099,Rasmus Kristensen,395
3817,8324,Joakim Maehle,395
3817,8578,Simon Kjaer,316
3817,9089,Andreas Skov Olsen,316
3817,92,Andreas Christensen,395
3817,9598,Ali Abdi,612
3817,9824,Montassar Talbi,612
3816,10715,Julian Alvarez,70
3816,11,Nicolás Otamendi,258
3816,11856,Enzo Fernandez,70
3816,13222,Nahuel Molina,258
3816,13987,Mohammed Al-Owais,625
3816,13990,Yasser Al-Shahrani,595
3816,13991,Mohammed Al-Burayk,30
3816,13992,Ali Al-Bulayhi,625
3816,13993,Sultan Al-Ghannam,118
3816,13994,Saud Abdulhamid,625
3816,13995,Abdulelah Al-Amri,63
3816,13996,Hassan Tambakti,625
3816,13998,Salem Al-Dawsari,625
3816,13999,Salman Al-Faraj,265
3816,14000,Nawaf Al-Abed,297
3816,14003,Mohamed Kanno,625
3816,14004,Abdulelah Al-Malki,625
3816,14010,Firas Al-Buraikan,562
3816,14011,Saleh Al-Shehri,507
3816,14012,Haitham Asiri,63
3816,144,Emiliano Martínez,258
3816,1531,Lionel Messi,258
3816,3856,Leandro Paredes,188
3816,3868,Ángel Di María,258
3816,5116,Cristian Romero,188
3816,6895,Rodrigo de Paul,258
3816,8023,Lisandro Martinez,70
3816,8025,Nicolas Tagliafico,213
3816,8138,Lautaro Martinez,258
3816,8420,Papu Gómez,188
3816,9178,Marcos Acuña,45
3815,10039,Joe Morrell,42
3815,1067,Brenden Aaronson,97
3815,107,Christian Pulisic,419
3815,1184,Jordan Morris,30
3815,12183,Haji Wright,73
3815,13121,Yunus Musah,346
3815,1334,Weston McKennie,322
3815,1336,Timothy Weah,389
3815,1339,Tyler Adams,419
3815,137,Daniel James,358
3815,1698,Gareth Bale,577
3815,1931,Ethan Ampadu,535
3815,1971,Tim Ream,419
3815,1973,Antonee Robinson,419
3815,2083,Joe Rodon,577
3815,286,Chris Mepham,577
3815,308,Harry Wilson,528
3815,328,DeAndre Yedlin,73
3815,462,Wayne Hennessey,577
3815,5135,Josh Sargent,346
3815,589,Neco Williams,477
3815,6018,Connor Roberts,577
3815,687,Kellyn Acosta,73
3815,7008,Brennan Johnson,100
3815,71,Ben Davies,577
3815,7175,Sorba Thomas,49
3815,7966,Kieffer Moore,219
3815,8062,Aaron Ramsey,577
3815,8343,Sergiño Dest,346
3815,916,Walker Zimmerman,419
3815,940,Matt Turner,419
3814,1034,Jhegson Méndez,446
3814,11960,Enner Valencia,376
3814,1287,José Cifuentes,70
3814,13049,Gonzalo Plata,446
3814,13935,Hernan Galindez,446
3814,13937,Angelo Preciado,446
3814,13940,Kevin Rodriguez,25
3814,13941,Saad Al-Sheeb,504
3814,13944,Abdelkarim Hassan,504
3814,13945,Boualem Khoukhi,504
3814,13946,Pedro Miguel,504
3814,13948,Bassam Al-Rawi,504
3814,13951,Homam Ahmed,504
3814,13953,Karim Boudiaf,504
3814,13954,Abdulaziz Hatem,504
3814,13958,Mohammed Waad,116
3814,13960,Hasan Al-Haydos,388
3814,13961,Akram Afif,504
3814,13962,Almoez Ali,388
3814,13963,Mohammed Muntari,116
3814,1406,Pervis Estupinan,446
3814,2134,Moises Caicedo,421
3814,3460,Romario Ibarra,351
3814,3519,Michael Estrada,421
3814,3734,Félix Torres,446
3814,5195,Piero Hincapie,446
3814,6596,Jeremy Sarmiento,95
3814,7571,Alan Franco,25
3813,1,Harry Kane,183
3813,10,John Stones,240
3813,105,Mason Mount,175
3813,118,Harry Maguire,175
3813,12222,Majid Hosseini,817
3813,12235,Ali Karimi,414
3813,123,Luke Shaw,240
3813,136,Marcus Rashford,65
3813,1377,Kieran Trippier,240
3813,13968,Alireza Beiranvand,82
3813,13969,Hossein Hosseini,735
3813,13970,Roozbeh Cheshmi,414
3813,13971,Ehsan Hajsafi,817
3813,13973,Hossein Kanaani,403
3813,13975,Milad Mohammadi,527
3813,13976,Sadegh Moharrami,817
3813,13977,Morteza Pouraliganji,817
3813,13980,Saeid Ezatolahi,403
3813,13981,Ali Gholizadeh,403
3813,13982,Ahmad Nourollahi,593
3813,13983,Mehdi Torabi,290
3813,163,Bukayo Saka,175
3813,169,Jordan Pickford,240
3813,21,Phil Foden,65
3813,25,Raheem Sterling,175
3813,265,Declan Rice,240
3813,311,Callum Wilson,57
3813,371,Jack Grealish,65
3813,457,Alireza Jahanbakhsh,414
3813,4677,Jude Bellingham,240
3813,74,Eric Dier,65
3813,7441,Sardar Azmoun,224
3813,8561,Mehdi Taremi,817
10517,10715,Julian Alvarez,500
10517,11,Nicolás Otamendi,542
10517,113,Olivier Giroud,258
10517,11856,Enzo Fernandez,542
10517,13222,Nahuel Molina,457
10517,13226,German Pezzella,11
10517,144,Emiliano Martínez,542
10517,1531,Lionel Messi,542
10517,1532,Ousmane Dembele,258
10517,1534,Antoine Griezmann,404
10517,1675,Raphael Varane,629
10517,1789,Jules Kounde,642
10517,3856,Leandro Paredes,42
10517,3868,Ángel Di María,305
10517,3870,Kylian Mbappé,663
10517,3878,Axel Disasi,21
10517,3888,Aurélien Tchouaméni,663
10517,3890,Youssouf Fofana,119
10517,4012,Eduardo Camavinga,259
10517,4194,Randal Kolo Muani,405
10517,453,Alexis Mac Allister,531
10517,4606,Dayot Upamecano,663
10517,4622,Kingsley Coman,259
10517,4712,Marcus Thuram,405
10517,5097,Ibrahima Konaté,34
10517,5116,Cristian Romero,542
10517,61,Hugo Lloris,663
10517,6895,Rodrigo de Paul,500
10517,8025,Nicolas Tagliafico,536
10517,8054,Adrien Rabiot,544
10517,8058,Paulo Dybala,6
10517,8138,Lautaro Martinez,42
10517,8419,Gonzalo Montiel,85
10517,8583,Theo Hernandez,404
10517,9178,Marcos Acuña,237
10516,100,Mateo Kovacic,480
10516,12586,Sofyan Amrabat,491
10516,12777,Abdelhamid Sabiri,290
10516,13044,Jawad El Yamiq,381
10516,13560,Anass Zaroury,117
10516,13854,Dominik Livakovic,480
10516,13856,Josip Sutalo,480
10516,13859,Mislav Orsic,476
10516,13860,Marko Livaja,325
10516,13861,Bruno Petkovic,155
10516,13864,Yahia Attiat-Allah,491
10516,13865,Badr Benoun,117
10516,13866,Selim Amallah,110
10516,13867,Bilal El Khannouss,353
10516,1681,Achraf Hakimi,491
10516,1687,Luka Modric,480
10516,1785,Bono,491
10516,1810,Youssef En-Nesyri,491
10516,1938,Hakim Ziyech,491
10516,401,Sofiane Boufal,374
10516,4324,Azzedine Ounahi,138
10516,4615,Josip Stanisic,480
10516,4883,Andrej Kramaric,289
10516,4892,Josko Gvardiol,480
10516,5968,Lovro Majer,325
10516,6019,Nikola Vlasic,191
10516,6029,Kristijan Jakic,4
10516,6925,Ilias Chair,201
10516,8136,Ivan Perisic,480
10516,8330,Mario Pasalic,155
10516,9820,Achraf Dari,374
10515,113,Olivier Giroud,422
10515,12586,Sofyan Amrabat,374
10515,13021,Abde Ezzalzouli,56
10515,13044,Jawad El Yamiq,374
10515,13864,Yahia Attiat-Allah,166
10515,13866,Selim Amallah,214
10515,13870,Abderrazak Hamdallah,101
10515,1532,Ousmane Dembele,490
10515,1534,Antoine Griezmann,578
10515,1675,Raphael Varane,578
10515,1681,Achraf Hakimi,374
10515,1785,Bono,374
10515,1789,Jules Kounde,578
10515,1810,Youssef En-Nesyri,273
10515,1938,Hakim Ziyech,374
10515,233,Romain Saïss,104
10515,3870,Kylian Mbappé,578
10515,3888,Aurélien Tchouaméni,578
10515,3890,Youssouf Fofana,578
10515,401,Sofiane Boufal,273
10515,4194,Randal Kolo Muani,88
10515,4324,Azzedine Ounahi,374
10515,4712,Marcus Thuram,156
10515,5097,Ibrahima Konaté,578
10515,61,Hugo Lloris,578
10515,8027,Noussair Mazraoui,208
10515,8583,Theo Hernandez,578
10515,9820,Achraf Dari,374
10515,9865,Zakaria Aboukhlal,101
10514,100,Mateo Kovacic,421
10514,10715,Julian Alvarez,494
10514,11,Nicolás Otamendi,623
10514,11856,Enzo Fernandez,623
10514,13222,Nahuel Molina,566
10514,13854,Dominik Livakovic,421
10514,13858,Josip Juranovic,421
10514,13859,Mislav Orsic,208
10514,13860,Marko Livaja,98
10514,13861,Bruno Petkovic,184
10514,1389,Angel Correa,57
10514,144,Emiliano Martínez,623
10514,1531,Lionel Messi,623
10514,1687,Luka Modric,354
10514,3856,Leandro Paredes,451
10514,40,Dejan Lovren,421
10514,453,Alexis Mac Allister,566
10514,4590,Exequiel Palacios,129
10514,4883,Andrej Kramaric,323
10514,4892,Josko Gvardiol,421
10514,4926,Borna Sosa,213
10514,5116,Cristian Romero,623
10514,5968,Lovro Majer,67
10514,6019,Nikola Vlasic,208
10514,68,Juan Foyth,57
10514,6895,Rodrigo de Paul,494
10514,8023,Lisandro Martinez,172
10514,8025,Nicolas Tagliafico,623
10514,8058,Paulo Dybala,129
10514,8129,Marcelo Brozovic,237
10514,8136,Ivan Perisic,421
10514,8330,Mario Pasalic,213
10513,1,Harry Kane,377
10513,10,John Stones,371
10513,105,Mason Mount,29
10513,113,Olivier Giroud,517
10513,118,Harry Maguire,377
10513,123,Luke Shaw,377
10513,136,Marcus Rashford,25
10513,1532,Ousmane Dembele,517
10513,1534,Antoine Griezmann,517
10513,16,Kyle Walker,377
10513,163,Bukayo Saka,348
10513,1675,Raphael Varane,517
10513,169,Jordan Pickford,377
10513,1789,Jules Kounde,517
10513,21,Phil Foden,352
10513,25,Raheem Sterling,29
10513,265,Declan Rice,377
10513,371,Jack Grealish,6
10513,3870,Kylian Mbappé,517
10513,3888,Aurélien Tchouaméni,517
10513,4606,Dayot Upamecano,517
10513,4677,Jude Bellingham,377
10513,47,Jordan Henderson,348
10513,61,Hugo Lloris,517
10513,8054,Adrien Rabiot,517
10513,8583,Theo Hernandez,517
10512,11488,Ricardo Horta,18
10512,12586,Sofyan Amrabat,686
10512,127,Diogo Dalot,216
10512,13044,Jawad El Yamiq,686
10512,133,Bruno Fernandes,234
10512,13864,Yahia Attiat-Allah,686
10512,13865,Badr Benoun,233
10512,13866,Selim Amallah,453
10512,13868,Yahya Jabrane,106
10512,13869,Walid Cheddira,233
10512,1393,Joao Felix,234
10512,1681,Achraf Hakimi,686
10512,17,João Cancelo,68
10512,1785,Bono,686
10512,1810,Youssef En-Nesyri,453
10512,1907,Vitinha,38
10512,1938,Hakim Ziyech,580
10512,2066,Ruben Dias,234
10512,233,Romain Saïss,406
10512,240,Rúben Neves,166
10512,27,Bernardo Silva,234
10512,401,Sofiane Boufal,580
10512,4324,Azzedine Ounahi,686
10512,4666,Raphaël Guerreiro,166
10512,6020,Cristiano Ronaldo,68
10512,8008,Goncalo Ramos,196
10512,8538,Diogo Costa,234
10512,8555,Otavio,196
10512,8564,Pepe,234
10512,8593,Rafael Leao,38
10512,9820,Achraf Dari,280
10512,9865,Zakaria Aboukhlal,106
10511,10715,Julian Alvarez,502
10511,11,Nicolás Otamendi,586
10511,11094,Cody Gakpo,398
10511,11241,Andries Noppert,398
10511,11856,Enzo Fernandez,586
10511,13222,Nahuel Molina,586
10511,13226,German Pezzella,98
10511,144,Emiliano Martínez,586
10511,1522,Frenkie de Jong,398
10511,1531,Lionel Messi,586
10511,1812,Luuk de Jong,61
10511,284,Nathan Aké,398
10511,37,Virgil van Dijk,398
10511,3856,Leandro Paredes,147
10511,453,Alexis Mac Allister,586
10511,5009,Wout Weghorst,34
10511,5116,Cristian Romero,488
10511,6895,Rodrigo de Paul,440
10511,8022,Jurrien Timber,398
10511,8023,Lisandro Martinez,586
10511,8025,Nicolas Tagliafico,98
10511,8026,Daley Blind,337
10511,8034,Steven Berghuis,173
10511,8134,Denzel Dumfries,398
10511,8138,Lautaro Martinez,84
10511,8326,Teun Koopmeiners,173
10511,8327,Marten De Roon,225
10511,8342,Memphis Depay,364
10511,84,Steven Bergwijn,225
10511,9178,Marcos Acuña,488
10510,100,Mateo Kovacic,559
10510,13830,Pedro,56
10510,13854,Dominik Livakovic,559
10510,13858,Josip Juranovic,559
10510,13861,Bruno Petkovic,128
10510,1676,Eder Militao,550
10510,1683,Casemiro,550
10510,1687,Luka Modric,559
10510,1695,Vinícius Junior,389
10510,1697,Rodrygo,161
10510,1926,Thiago Silva,550
10510,195,Richarlison,494
10510,2074,Raphinha,295
10510,32,Alisson,550
10510,3846,Marquinhos,550
10510,3865,Neymar,550
10510,3930,Lucas Paquetá,550
10510,40,Dejan Lovren,559
10510,4883,Andrej Kramaric,431
10510,4892,Josko Gvardiol,559
10510,4926,Borna Sosa,559
10510,6019,Nikola Vlasic,128
10510,8039,Antony,255
10510,8061,Danilo,550
10510,8129,Marcelo Brozovic,559
10510,8136,Ivan Perisic,559
10510,8330,Mario Pasalic,431
10509,11488,Ricardo Horta,122
10509,127,Diogo Dalot,503
10509,12960,Ricardo Rodriguez,461
10509,13118,Eray Comert,188
10509,133,Bruno Fernandes,457
10509,13881,Ardon Jashari,28
10509,1393,Joao Felix,381
10509,157,Granit Xhaka,461
10509,1876,William Carvalho,503
10509,1907,Vitinha,122
10509,2066,Ruben Dias,503
10509,240,Rúben Neves,85
10509,27,Bernardo Silva,418
10509,320,Fabian Schär,273
10509,4566,Rubén Vargas,320
10509,4661,Manuel Akanji,461
10509,4666,Raphaël Guerreiro,503
10509,4691,Yann Sommer,461
10509,4703,Denis Zakaria,166
10509,4717,Breel Embolo,433
10509,4732,Djibril Sow,295
10509,5035,Edimilson Fernandes,461
10509,57,Xherdan Shaqiri,461
10509,6020,Cristiano Ronaldo,122
10509,8008,Goncalo Ramos,381
10509,8011,Haris Seferovic,166
10509,8113,Noah Okafor,141
10509,8328,Remo Freuler,295
10509,8538,Diogo Costa,503
10509,8555,Otavio,381
10509,8564,Pepe,503
10509,8593,Rafael Leao,46
10508,12586,Sofyan Amrabat,1027
10508,12777,Abdelhamid Sabiri,328
10508,13021,Abde Ezzalzouli,488
10508,13044,Jawad El Yamiq,328
10508,13178,Nico Williams,106
10508,1341,Unai Simon,334
10508,1381,Marcos Llorente,334
10508,13864,Yahia Attiat-Allah,328
10508,13865,Badr Benoun,37
10508,13866,Selim Amallah,699
10508,13869,Walid Cheddira,328
10508,1394,Alvaro Morata,137
10508,1513,Jordi Alba,287
10508,1519,Sergio Busquets,334
10508,1529,Ansu Fati,47
10508,1530,Pedri,334
10508,1681,Achraf Hakimi,1027
10508,1696,Marco Asensio,197
10508,1785,Bono,1027
10508,18,Rodri,334
10508,1810,Youssef En-Nesyri,699
10508,1829,Carlos Soler,137
10508,1938,Hakim Ziyech,1027
10508,1950,Ferran Torres,228
10508,233,Romain Saïss,1027
10508,4002,Nayef Aguerd,699
10508,401,Sofiane Boufal,539
10508,4324,Azzedine Ounahi,990
10508,4908,Dani Olmo,287
10508,8027,Noussair Mazraoui,699
10508,8341,Gavi,197
10508,8344,Alex Balde,47
10508,9,Aymeric Laporte,334
