Player,player_nickname
Éder Gabriel Militão,Éder Militão
Éder Gabriel Militão,Éder Militão
Éder Gabriel Militão,Éder Militão
Éder Gabriel Militão,Éder Militão
Alvaro José Zamora Mata,Álvaro José Zamora Mata
Álvaro Borja Morata Martín,Álvaro Morata
Álvaro Borja Morata Martín,Álvaro Morata
Álvaro Borja Morata Martín,Álvaro Morata
Álvaro Borja Morata Martín,Álvaro Morata
Ángel Martín Correa,Ángel Correa
Ángel Fabián Di María Hernández,Ángel Di María
Ángel Fabián Di María Hernández,Ángel Di María
Ángel Fabián Di María Hernández,Ángel Di María
Ángel Fabián Di María Hernández,Ángel Di María
Ángel Fabián Di María Hernández,Ángel Di María
Éverton Augusto de Barros Ribeiro,Éverton Ribeiro
Óscar Esau Duarte Gaitán,Óscar Duarte
Óscar Esau Duarte Gaitán,Óscar Duarte
Óscar Esau Duarte Gaitán,Óscar Duarte
Aïssa Bilal Laïdouni,Aïssa Laïdouni
Aïssa Bilal Laïdouni,Aïssa Laïdouni
Aïssa Bilal Laïdouni,Aïssa Laïdouni
Aaron Mooy,Aaron Mooy
Aaron Mooy,Aaron Mooy
Aaron Mooy,Aaron Mooy
Aaron Mooy,Aaron Mooy
Aaron Ramsey,Aaron Ramsey
Aaron Ramsey,Aaron Ramsey
Aaron Ramsey,Aaron Ramsey
Abdessamad Ezzalzouli,Abde Ezzalzouli
Abdessamad Ezzalzouli,Abde Ezzalzouli
Abdessamad Ezzalzouli,Abde Ezzalzouli
Abdelhamid Sabiri,Abdelhamid Sabiri
Abdelhamid Sabiri,Abdelhamid Sabiri
Abdelhamid Sabiri,Abdelhamid Sabiri
Abdelhamid Sabiri,Abdelhamid Sabiri
Abdelhamid Sabiri,Abdelhamid Sabiri
Abdelkarim Hassan Al Haj Fadlalla,Abdelkarim Hassan
Abdelkarim Hassan Al Haj Fadlalla,Abdelkarim Hassan
Abdelkarim Hassan Al Haj Fadlalla,Abdelkarim Hassan
Abderrazak Hamdallah,Abderrazak Hamdallah
Abderrazak Hamdallah,Abderrazak Hamdallah
Abderrazak Hamdallah,Abderrazak Hamdallah
Abderrazak Hamdallah,Abderrazak Hamdallah
Abdou Diallo,Abdou Diallo
Abdou Diallo,Abdou Diallo
Abdou Diallo,Abdou Diallo
Abdou Diallo,Abdou Diallo
Abdul Fatawu Issahaku,Abdul Fatawu Issahaku
Abdul Rahman Baba,Abdul Rahman Baba
Abdul Rahman Baba,Abdul Rahman Baba
Abdulaziz Hatem Mohammed Abdullah,Abdulaziz Hatem
Abdulaziz Hatem Mohammed Abdullah,Abdulaziz Hatem
Abdulaziz Hatem Mohammed Abdullah,Abdulaziz Hatem
Abdulelah Al Amri,Abdulelah Al Amri
Abdulelah Al Amri,Abdulelah Al Amri
Abdulelah Saad Hameed Al-Malki,Abdulelah Al Malki
Abdulelah Saad Hameed Al-Malki,Abdulelah Al Malki
Abdullah Mohammed Madu,Abdullah Madu
Abdulrahman Al-Obood,Abdulrahman Al Obod
Abdulrahman Al-Obood,Abdulrahman Al Obod
Abolfazl Jalali,Abolfazl Jalali
Achraf Dari,Achraf Dari
Achraf Dari,Achraf Dari
Achraf Dari,Achraf Dari
Achraf Hakimi Mouh,Achraf Hakimi
Achraf Hakimi Mouh,Achraf Hakimi
Achraf Hakimi Mouh,Achraf Hakimi
Achraf Hakimi Mouh,Achraf Hakimi
Achraf Hakimi Mouh,Achraf Hakimi
Achraf Hakimi Mouh,Achraf Hakimi
Achraf Hakimi Mouh,Achraf Hakimi
Adrien Rabiot,Adrien Rabiot
Adrien Rabiot,Adrien Rabiot
Adrien Rabiot,Adrien Rabiot
Adrien Rabiot,Adrien Rabiot
Adrien Rabiot,Adrien Rabiot
Adrien Rabiot,Adrien Rabiot
Agustín Canobbio Graviz,Agustín Canobbio
Ahmad Nourollahi,Ahmad Nourollahi
Ahmad Nourollahi,Ahmad Nourollahi
Ahmad Nourollahi,Ahmad Nourollahi
Ahmed Alaa Eldin Abdelmotaal,Ahmed Alaa Eldin
Ajdin Hrustic,Ajdin Hrustic
Ajdin Hrustic,Ajdin Hrustic
Ajdin Hrustic,Ajdin Hrustic
Akram Hassan Afif,Akram Afif
Akram Hassan Afif,Akram Afif
Akram Hassan Afif,Akram Afif
Alan Steven Franco Palma,Alan Franco
Alan Steven Franco Palma,Alan Franco
Alejandro Balde Martínez,Alejandro Balde
Alejandro Balde Martínez,Alejandro Balde
Alejandro Balde Martínez,Alejandro Balde
Alejandro Balde Martínez,Alejandro Balde
Aleksandar Mitrović,Aleksandar Mitrović
Aleksandar Mitrović,Aleksandar Mitrović
Aleksandar Mitrović,Aleksandar Mitrović
Alex Sandro Lobo Silva,Alex Sandro
Alex Sandro Lobo Silva,Alex Sandro
Alex Sandro Lobo Silva,Alex Sandro
Alex Nicolao Telles,Alex Telles
Alex Nicolao Telles,Alex Telles
Alexander Hartmann Bah,Alexander Bah
Alexander Hartmann Bah,Alexander Bah
Alexander Djiku,Alexander Djiku
Alexander Djiku,Alexander Djiku
Alexis Mac Allister,Alexis MacAllister
Alexis Mac Allister,Alexis MacAllister
Alexis Mac Allister,Alexis MacAllister
Alexis Mac Allister,Alexis MacAllister
Alexis Mac Allister,Alexis MacAllister
Alexis Mac Allister,Alexis MacAllister
Ernesto Alexis Vega Rojas,Alexis Vega
Ernesto Alexis Vega Rojas,Alexis Vega
Ernesto Alexis Vega Rojas,Alexis Vega
Ali Abdi,Ali Abdi
Ali Abdi,Ali Abdi
Ali Abdi,Ali Abdi
Ali Al Hassan,Ali Al-Hassan
Ali Albulayhi,Ali Albulayhi
Ali Albulayhi,Ali Albulayhi
Ali Albulayhi,Ali Albulayhi
Ali Assadalla Thaimn Qambar,Ali Assadalla
Ali Gholizadeh,Ali Gholizadeh
Ali Gholizadeh,Ali Gholizadeh
Ali Gholizadeh,Ali Gholizadeh
Ali Karimi,Ali Karimi
Ali Karimi,Ali Karimi
Ali Karimi,Ali Karimi
Ali Maâloul,Ali Maâloul
Alidu Seidu,Alidu Seidu
Alidu Seidu,Alidu Seidu
Alireza Safar Beiranvand,Alireza Beiranvand
Alireza Safar Beiranvand,Alireza Beiranvand
Alireza Jahanbakhsh,Alireza Jahanbakhsh
Alireza Jahanbakhsh,Alireza Jahanbakhsh
Alisson Ramsés Becker,Alisson
Alisson Ramsés Becker,Alisson
Alisson Ramsés Becker,Alisson
Alisson Ramsés Becker,Alisson
Alistair Johnston,Alistair Johnston
Alistair Johnston,Alistair Johnston
Alistair Johnston,Alistair Johnston
Almoez Ali Zainalabiddin Abdulla,Almoez Ali
Almoez Ali Zainalabiddin Abdulla,Almoez Ali
Almoez Ali Zainalabiddin Abdulla,Almoez Ali
Alphonso Davies,Alphonso Davies
Alphonso Davies,Alphonso Davies
Alphonso Davies,Alphonso Davies
Amadou Onana,Amadou Onana
Amadou Onana,Amadou Onana
Anass Zaroury,Anass Zaroury
André Ayew Pelé,André Ayew
André Ayew Pelé,André Ayew
André Ayew Pelé,André Ayew
André Onana,André Onana
André Miguel Valente Silva,André Silva
José Andrés Guardado Hernández,Andrés Guardado
Andreas Christensen,Andreas Christensen
Andreas Christensen,Andreas Christensen
Andreas Christensen,Andreas Christensen
Andreas Evald Cornelius,Andreas Cornelius
Andreas Evald Cornelius,Andreas Cornelius
Andreas Evald Cornelius,Andreas Cornelius
Andreas Skov Olsen,Andreas Skov Olsen
Andreas Skov Olsen,Andreas Skov Olsen
Andrej Kramarić,Andrej Kramarić
Andrej Kramarić,Andrej Kramarić
Andrej Kramarić,Andrej Kramarić
Andrej Kramarić,Andrej Kramarić
Andrej Kramarić,Andrej Kramarić
Andrej Kramarić,Andrej Kramarić
Andrej Kramarić,Andrej Kramarić
Andries Noppert,Andries Noppert
Andries Noppert,Andries Noppert
Andries Noppert,Andries Noppert
Andries Noppert,Andries Noppert
Andries Noppert,Andries Noppert
Andrija Živković,Andrija Živković
Andrija Živković,Andrija Živković
Andrija Živković,Andrija Živković
Angelo Smit Preciado Quiñónez,Angelo Preciado
Angelo Smit Preciado Quiñónez,Angelo Preciado
Angelo Smit Preciado Quiñónez,Angelo Preciado
Anis Ben Slimane,Anis Slimane
Anis Ben Slimane,Anis Slimane
Anssumane Fati,Ansu Fati
Anssumane Fati,Ansu Fati
António João Pereira Albuquerque Tavares Silva,António Silva
Ante Budimir,Ante Budimir
Anthony Daniel Contreras Enríquez,Anthony Contreras
Anthony Daniel Contreras Enríquez,Anthony Contreras
Anthony Daniel Contreras Enríquez,Anthony Contreras
Antoine Griezmann,Antoine Griezmann
Antoine Griezmann,Antoine Griezmann
Antoine Griezmann,Antoine Griezmann
Antoine Griezmann,Antoine Griezmann
Antoine Griezmann,Antoine Griezmann
Antoine Griezmann,Antoine Griezmann
Antoine Griezmann,Antoine Griezmann
Antoine Semenyo,Antoine Semenyo
Antoine Semenyo,Antoine Semenyo
Antonee Robinson,Antonee Robinson
Antonee Robinson,Antonee Robinson
Antonee Robinson,Antonee Robinson
Antonee Robinson,Antonee Robinson
Antonio Rüdiger,Antonio Rüdiger
Antonio Rüdiger,Antonio Rüdiger
Antonio Rüdiger,Antonio Rüdiger
Antony Matheus dos Santos,Antony
Antony Matheus dos Santos,Antony
Antony Matheus dos Santos,Antony
Antony Matheus dos Santos,Antony
Ao Tanaka,Ao Tanaka
Ao Tanaka,Ao Tanaka
Ao Tanaka,Ao Tanaka
Ardon Jashari,Ardon Jashari
Arkadiusz Milik,Arkadiusz Milik
Arkadiusz Milik,Arkadiusz Milik
Arkadiusz Milik,Arkadiusz Milik
Artur Jędrzejczyk,Artur Jędrzejczyk
Assim Omer Al Haj Madibo,Assim Madibo
Assim Omer Al Haj Madibo,Assim Madibo
Atiba Hutchinson,Atiba Hutchinson
Atiba Hutchinson,Atiba Hutchinson
Atiba Hutchinson,Atiba Hutchinson
Aurélien Djani Tchouaméni,Aurélien Tchouaméni
Aurélien Djani Tchouaméni,Aurélien Tchouaméni
Aurélien Djani Tchouaméni,Aurélien Tchouaméni
Aurélien Djani Tchouaméni,Aurélien Tchouaméni
Aurélien Djani Tchouaméni,Aurélien Tchouaméni
Aurélien Djani Tchouaméni,Aurélien Tchouaméni
Aurélien Djani Tchouaméni,Aurélien Tchouaméni
Awer Mabil,Awer Mabil
Awer Mabil,Awer Mabil
Axel Disasi,Axel Disasi
Axel Disasi,Axel Disasi
Axel Witsel,Axel Witsel
Axel Witsel,Axel Witsel
Axel Witsel,Axel Witsel
Ayase Ueda,Ayase Ueda
Aymen Dahmen,Aymen Dahmen
Aymen Dahmen,Aymen Dahmen
Aymen Dahmen,Aymen Dahmen
Aymeric Laporte,Aymeric Laporte
Aymeric Laporte,Aymeric Laporte
Aymeric Laporte,Aymeric Laporte
Aziz Eraltay Behich,Aziz Behich
Aziz Eraltay Behich,Aziz Behich
Aziz Eraltay Behich,Aziz Behich
Aziz Eraltay Behich,Aziz Behich
Azzedine Ounahi,Azzedine Ounahi
Azzedine Ounahi,Azzedine Ounahi
Azzedine Ounahi,Azzedine Ounahi
Azzedine Ounahi,Azzedine Ounahi
Azzedine Ounahi,Azzedine Ounahi
Azzedine Ounahi,Azzedine Ounahi
Azzedine Ounahi,Azzedine Ounahi
Bassam Hisham Al Rawi,B. A. Rawi
Badr Banoun,Badr Banoun
Bailey Wright,Bailey Wright
Cheikh Ahmadou Bamba Mbacke Dieng,Bamba Dieng
Cheikh Ahmadou Bamba Mbacke Dieng,Bamba Dieng
Cheikh Ahmadou Bamba Mbacke Dieng,Bamba Dieng
Cheikh Ahmadou Bamba Mbacke Dieng,Bamba Dieng
Bartosz Bereszyński,Bartosz Bereszyński
Bartosz Bereszyński,Bartosz Bereszyński
Bartosz Bereszyński,Bartosz Bereszyński
Bartosz Bereszyński,Bartosz Bereszyński
Ben Davies,Ben Davies
Ben Davies,Ben Davies
Ben Davies,Ben Davies
Benjamin Pavard,Benjamin Pavard
Bernardo Mota Veiga de Carvalho e Silva,Bernardo Silva
Bernardo Mota Veiga de Carvalho e Silva,Bernardo Silva
Bernardo Mota Veiga de Carvalho e Silva,Bernardo Silva
Bernardo Mota Veiga de Carvalho e Silva,Bernardo Silva
Bernardo Mota Veiga de Carvalho e Silva,Bernardo Silva
Bilal El Khannous,Bilal El Khannous
Yassine Bounou,Bono
Yassine Bounou,Bono
Yassine Bounou,Bono
Yassine Bounou,Bono
Yassine Bounou,Bono
Yassine Bounou,Bono
Borna Barišić,Borna Barišić
Borna Sosa,Borna Sosa
Borna Sosa,Borna Sosa
Borna Sosa,Borna Sosa
Borna Sosa,Borna Sosa
Borna Sosa,Borna Sosa
Boualem Khoukhi,Boualem Khoukhi
Boualem Khoukhi,Boualem Khoukhi
Boualem Khoukhi,Boualem Khoukhi
Boulaye Dia,Boulaye Dia
Boulaye Dia,Boulaye Dia
Boulaye Dia,Boulaye Dia
Boulaye Dia,Boulaye Dia
Brandon Aguilera Zamora,Brandon Aguilera Zamora
Brandon Aguilera Zamora,Brandon Aguilera Zamora
Brandon Aguilera Zamora,Brandon Aguilera Zamora
Breel-Donald Embolo,Breel Embolo
Breel-Donald Embolo,Breel Embolo
Breel-Donald Embolo,Breel Embolo
Breel-Donald Embolo,Breel Embolo
Gleison Bremer Silva Nascimento,Bremer
Gleison Bremer Silva Nascimento,Bremer
Brenden Aaronson,Brenden Aaronson
Brenden Aaronson,Brenden Aaronson
Brenden Aaronson,Brenden Aaronson
Brenden Aaronson,Brenden Aaronson
Brennan Johnson,Brennan Johnson
Brennan Johnson,Brennan Johnson
Brennan Johnson,Brennan Johnson
Bruno Miguel Borges Fernandes,Bruno Fernandes
Bruno Miguel Borges Fernandes,Bruno Fernandes
Bruno Miguel Borges Fernandes,Bruno Fernandes
Bruno Miguel Borges Fernandes,Bruno Fernandes
Bruno Guimarães Rodriguez Moura,Bruno Guimarães
Bruno Guimarães Rodriguez Moura,Bruno Guimarães
Bruno Petković,Bruno Petković
Bruno Petković,Bruno Petković
Bruno Petković,Bruno Petković
Bruno Petković,Bruno Petković
Bruno Petković,Bruno Petković
Bruno Petković,Bruno Petković
Bryan Mbeumo,Bryan Mbeumo
Bryan Mbeumo,Bryan Mbeumo
Bryan Mbeumo,Bryan Mbeumo
Bryan Oviedo,Bryan Oviedo
Bryan Oviedo,Bryan Oviedo
Bryan Oviedo,Bryan Oviedo
Bryan Ruiz González,Bryan Ruiz
Bukayo Saka,Bukayo Saka
Bukayo Saka,Bukayo Saka
Bukayo Saka,Bukayo Saka
Bukayo Saka,Bukayo Saka
César Azpilicueta Tanco,César Azpilicueta
César Azpilicueta Tanco,César Azpilicueta
César Jasib Montes Castro,César Montes
César Jasib Montes Castro,César Montes
César Jasib Montes Castro,César Montes
Callum Wilson,Callum Wilson
Callum Wilson,Callum Wilson
Cameron Carter-Vickers,Cameron Carter-Vickers
Carlos Alberto Rodríguez Gómez,Carlos Alberto Rodríguez
Carlos Alberto Rodríguez Gómez,Carlos Alberto Rodríguez
Carlos Armando Gruezo Arboleda,Carlos Gruezo
Carlos Manuel Martínez Castro,Carlos Martínez
Carlos Soler Barragán,Carlos Soler
Carlos Soler Barragán,Carlos Soler
Carlos Henrique Casimiro,Casemiro
Carlos Henrique Casimiro,Casemiro
Carlos Henrique Casimiro,Casemiro
Carlos Henrique Casimiro,Casemiro
Celso Borges Mora,Celso Borges
Celso Borges Mora,Celso Borges
Celso Borges Mora,Celso Borges
Chang-Hoon Kwon,Chang-Hoon Kwon
Charles De Ketelaere,Charles De Ketelaere
Cheikhou Kouyaté,Cheikhou Kouyaté
Chris Mepham,Chris Mepham
Chris Mepham,Chris Mepham
Chris Mepham,Chris Mepham
Christian Mougang Bassogog,Christian Bassogog
Christian Dannemann Eriksen,Christian Eriksen
Christian Dannemann Eriksen,Christian Eriksen
Christian Dannemann Eriksen,Christian Eriksen
Christian Fassnacht,Christian Fassnacht
Christian Nørgaard,Christian Nørgaard
Christian Pulisic,Christian Pulisic
Christian Pulisic,Christian Pulisic
Christian Pulisic,Christian Pulisic
Christian Pulisic,Christian Pulisic
Christopher Wooh,Christopher Wooh
Chul Hong,Chul Hong
Cody Mathès Gakpo,Cody Gakpo
Cody Mathès Gakpo,Cody Gakpo
Cody Mathès Gakpo,Cody Gakpo
Cody Mathès Gakpo,Cody Gakpo
Cody Mathès Gakpo,Cody Gakpo
Ngoran Suiru Fai Collins,Collins Fai
Ngoran Suiru Fai Collins,Collins Fai
Ngoran Suiru Fai Collins,Collins Fai
Connor Roberts,Connor Roberts
Connor Roberts,Connor Roberts
Connor Roberts,Connor Roberts
Craig Goodwin,Craig Goodwin
Craig Goodwin,Craig Goodwin
Craig Goodwin,Craig Goodwin
Craig Goodwin,Craig Goodwin
Cristian Gabriel Romero,Cristian Romero
Cristian Gabriel Romero,Cristian Romero
Cristian Gabriel Romero,Cristian Romero
Cristian Gabriel Romero,Cristian Romero
Cristian Gabriel Romero,Cristian Romero
Cristian Gabriel Romero,Cristian Romero
Cristian Gabriel Romero,Cristian Romero
Cristiano Ronaldo dos Santos Aveiro,Cristiano Ronaldo
Cristiano Ronaldo dos Santos Aveiro,Cristiano Ronaldo
Cristiano Ronaldo dos Santos Aveiro,Cristiano Ronaldo
Cristiano Ronaldo dos Santos Aveiro,Cristiano Ronaldo
Cristiano Ronaldo dos Santos Aveiro,Cristiano Ronaldo
Cyle Larin,Cyle Larin
Cyle Larin,Cyle Larin
Cyle Larin,Cyle Larin
Daichi Kamada,Daichi Kamada
Daichi Kamada,Daichi Kamada
Daichi Kamada,Daichi Kamada
Daichi Kamada,Daichi Kamada
Daizen Maeda,Daizen Maeda
Daizen Maeda,Daizen Maeda
Daizen Maeda,Daizen Maeda
Daley Blind,Daley Blind
Daley Blind,Daley Blind
Daley Blind,Daley Blind
Daley Blind,Daley Blind
Daley Blind,Daley Blind
Damian Szymański,Damian Szymański
Daniel Alves da Silva,Dani Alves
Daniel Alves da Silva,Dani Alves
Daniel Amartey,Daniel Amartey
Daniel Amartey,Daniel Amartey
Daniel Amartey,Daniel Amartey
Daniel Carvajal Ramos,Daniel Carvajal
Daniel Carvajal Ramos,Daniel Carvajal
Daniel Alonso Chacón Salas,Daniel Chacón
Daniel James,Daniel James
Daniel James,Daniel James
Daniel James,Daniel James
Daniel Olmo Carvajal,Daniel Olmo
Daniel Olmo Carvajal,Daniel Olmo
Daniel Olmo Carvajal,Daniel Olmo
Daniel Olmo Carvajal,Daniel Olmo
Daniel-Kofi Kyereh,Daniel-Kofi Kyereh
Daniel-Kofi Kyereh,Daniel-Kofi Kyereh
Daniel-Kofi Kyereh,Daniel-Kofi Kyereh
Danilo Luís Hélio Pereira,Danilo Pereira
Danilo Luiz da Silva,Danilo
Danilo Luiz da Silva,Danilo
Danilo Luiz da Silva,Danilo
Danny Ward,Danny Ward
Danny Ward,Danny Ward
Darko Lazović,Darko Lazović
Darwin Gabriel Núñez Ribeiro,Darwin Núñez
Darwin Gabriel Núñez Ribeiro,Darwin Núñez
Darwin Gabriel Núñez Ribeiro,Darwin Núñez
David Raum,David Raum
David Raum,David Raum
David Raum,David Raum
David Wotherspoon,David Wotherspoon
Davy Klaassen,Davy Klaassen
Davy Klaassen,Davy Klaassen
Davy Klaassen,Davy Klaassen
Davy Klaassen,Davy Klaassen
Dayotchanculle Upamecano,Dayotchanculle Upamecano
Dayotchanculle Upamecano,Dayotchanculle Upamecano
Dayotchanculle Upamecano,Dayotchanculle Upamecano
Dayotchanculle Upamecano,Dayotchanculle Upamecano
Dayotchanculle Upamecano,Dayotchanculle Upamecano
DeAndre Yedlin,DeAndre Yedlin
DeAndre Yedlin,DeAndre Yedlin
Declan Rice,Declan Rice
Declan Rice,Declan Rice
Declan Rice,Declan Rice
Declan Rice,Declan Rice
Declan Rice,Declan Rice
Dejan Lovren,Dejan Lovren
Dejan Lovren,Dejan Lovren
Dejan Lovren,Dejan Lovren
Dejan Lovren,Dejan Lovren
Dejan Lovren,Dejan Lovren
Dejan Lovren,Dejan Lovren
Denis Odoi,Denis Odoi
Denis Lemi Zakaria Lako Lado,Denis Zakaria
Denis Lemi Zakaria Lako Lado,Denis Zakaria
Denzel Dumfries,Denzel Dumfries
Denzel Dumfries,Denzel Dumfries
Denzel Dumfries,Denzel Dumfries
Denzel Dumfries,Denzel Dumfries
Denzel Dumfries,Denzel Dumfries
Devis Rogers Epassy Mboka,Devis Epassy
Devis Rogers Epassy Mboka,Devis Epassy
Diego Roberto Godín Leal,Diego Godín
Diego Roberto Godín Leal,Diego Godín
Diogo Meireles Costa,Diogo Costa
Diogo Meireles Costa,Diogo Costa
Diogo Meireles Costa,Diogo Costa
Diogo Meireles Costa,Diogo Costa
Diogo Meireles Costa,Diogo Costa
José Diogo Dalot Teixeira,Diogo Dalot
José Diogo Dalot Teixeira,Diogo Dalot
José Diogo Dalot Teixeira,Diogo Dalot
Djibril Sow,Djibril Sow
Djibril Sow,Djibril Sow
Djibril Sow,Djibril Sow
Djibril Sow,Djibril Sow
Djorkaeff Neicer Reasco González,Djorkaeff Reasco
Dominik Livaković,Dominik Livaković
Dominik Livaković,Dominik Livaković
Dominik Livaković,Dominik Livaković
Dominik Livaković,Dominik Livaković
Dominik Livaković,Dominik Livaković
Dominik Livaković,Dominik Livaković
Dominik Livaković,Dominik Livaković
Dries Mertens,Dries Mertens
Dries Mertens,Dries Mertens
Dušan Tadić,Dušan Tadić
Dušan Tadić,Dušan Tadić
Dušan Tadić,Dušan Tadić
Dušan Vlahović,Dušan Vlahović
Dušan Vlahović,Dušan Vlahović
Dylan Daniel Mahmoud Bronn,Dylan Bronn
Dylan Daniel Mahmoud Bronn,Dylan Bronn
Eden Hazard,Eden Hazard
Eden Hazard,Eden Hazard
Eden Hazard,Eden Hazard
Ederson Santana de Moraes,Ederson Moraes
Edimilson Fernandes,Edimilson Fernandes
Edimilson Fernandes,Edimilson Fernandes
Edimilson Fernandes,Edimilson Fernandes
Edinson Roberto Cavani Gómez,Edinson Cavani
Edinson Roberto Cavani Gómez,Edinson Cavani
Edinson Roberto Cavani Gómez,Edinson Cavani
Edouard Mendy,Edouard Mendy
Edouard Mendy,Edouard Mendy
Edouard Mendy,Edouard Mendy
Edouard Mendy,Edouard Mendy
Edson Omar Álvarez Velázquez,Edson Álvarez
Edson Omar Álvarez Velázquez,Edson Álvarez
Eduardo Camavinga,Eduardo Camavinga
Eduardo Camavinga,Eduardo Camavinga
Ehsan Hajsafi,Ehsan Hajsafi
Ehsan Hajsafi,Ehsan Hajsafi
Ehsan Hajsafi,Ehsan Hajsafi
Ellyes Joris Skhiri,Ellyes Joris Skhiri
Ellyes Joris Skhiri,Ellyes Joris Skhiri
Ellyes Joris Skhiri,Ellyes Joris Skhiri
Damián Emiliano Martínez,Emiliano Martínez
Damián Emiliano Martínez,Emiliano Martínez
Damián Emiliano Martínez,Emiliano Martínez
Damián Emiliano Martínez,Emiliano Martínez
Damián Emiliano Martínez,Emiliano Martínez
Damián Emiliano Martínez,Emiliano Martínez
Damián Emiliano Martínez,Emiliano Martínez
Enner Remberto Valencia Lastra,Enner Valencia
Enner Remberto Valencia Lastra,Enner Valencia
Enner Remberto Valencia Lastra,Enner Valencia
Enzo Ebosse,Enzo Ebosse
Enzo Fernandez,Enzo Fernandez
Enzo Fernandez,Enzo Fernandez
Enzo Fernandez,Enzo Fernandez
Enzo Fernandez,Enzo Fernandez
Enzo Fernandez,Enzo Fernandez
Enzo Fernandez,Enzo Fernandez
Enzo Fernandez,Enzo Fernandez
Eray Ervin Cömert,Eray Cömert
Eray Ervin Cömert,Eray Cömert
Eric Dier,Eric Dier
Eric Dier,Eric Dier
Jean-Eric Maxim Choupo-Moting,Eric Maxim Choupo-Moting
Jean-Eric Maxim Choupo-Moting,Eric Maxim Choupo-Moting
Jean-Eric Maxim Choupo-Moting,Eric Maxim Choupo-Moting
Érick Gabriel Gutiérrez Galaviz,Erick Gutiérrez
Ethan Ampadu,Ethan Ampadu
Ethan Ampadu,Ethan Ampadu
Ethan Ampadu,Ethan Ampadu
Exequiel Alejandro Palacios,Exequiel Palacios
Exequiel Alejandro Palacios,Exequiel Palacios
Exequiel Alejandro Palacios,Exequiel Palacios
Felix Eduardo Torres Caicedo,Félix Torres
Felix Eduardo Torres Caicedo,Félix Torres
Felix Eduardo Torres Caicedo,Félix Torres
Fabian Frei,Fabian Frei
Fabian Frei,Fabian Frei
Fabian Rieder,Fabian Rieder
Fabian Rieder,Fabian Rieder
Fabian Lukas Schär,Fabian Schär
Fabian Lukas Schär,Fabian Schär
Fábio Henrique Tavares,Fabinho
Facundo Pellistri Rebollo,Facundo Pellistri
Facundo Pellistri Rebollo,Facundo Pellistri
Facundo Pellistri Rebollo,Facundo Pellistri
Famara Diedhiou,Famara Diédhiou
Famara Diedhiou,Famara Diédhiou
Federico Santiago Valverde Dipetta,Federico Valverde
Federico Santiago Valverde Dipetta,Federico Valverde
Federico Santiago Valverde Dipetta,Federico Valverde
Ferjani Sassi,Ferjani Sassi
Ferjani Sassi,Ferjani Sassi
Ferrán Torres García,Ferrán Torres
Ferrán Torres García,Ferrán Torres
Ferrán Torres García,Ferrán Torres
Ferrán Torres García,Ferrán Torres
Filip Đuričić,Filip Djuricic
Filip Đuričić,Filip Djuricic
Filip Kostić,Filip Kostić
Filip Kostić,Filip Kostić
Filip Mladenović,Filip Mladenović
Firas Tariq Nasser Al Albirakan,Firas Albirakan
Firas Tariq Nasser Al Albirakan,Firas Albirakan
Firas Tariq Nasser Al Albirakan,Firas Albirakan
Fodé Ballo Touré,Fodé Ballo Touré
Fran Karačić,Fran Karačić
Fran Karačić,Fran Karačić
Francisco Javier Calvo Quesada,Francisco Calvo
Francisco Javier Calvo Quesada,Francisco Calvo
André-Frank Zambo Anguissa,Frank Anguissa
André-Frank Zambo Anguissa,Frank Anguissa
André-Frank Zambo Anguissa,Frank Anguissa
Frederico Rodrigues Santos,Fred
Frederico Rodrigues Santos,Fred
Frederico Rodrigues Santos,Fred
Frederico Rodrigues Santos,Fred
Frenkie de Jong,Frenkie de Jong
Frenkie de Jong,Frenkie de Jong
Frenkie de Jong,Frenkie de Jong
Frenkie de Jong,Frenkie de Jong
Frenkie de Jong,Frenkie de Jong
İlkay Gündoğan,İlkay Gündoğan
İlkay Gündoğan,İlkay Gündoğan
İlkay Gündoğan,İlkay Gündoğan
Gaël Ondoua,Gaël Ondoua
Gaël Ondoua,Gaël Ondoua
Gabriel Fernando de Jesus,Gabriel Jesus
Gabriel Fernando de Jesus,Gabriel Jesus
Gabriel Fernando de Jesus,Gabriel Jesus
Gabriel Teodoro Martinelli Silva,Gabriel Martinelli
Gabriel Teodoro Martinelli Silva,Gabriel Martinelli
Gabriel Teodoro Martinelli Silva,Gabriel Martinelli
Garang Kuol,Garang Kuol
Garang Kuol,Garang Kuol
Gareth Frank Bale,Gareth Bale
Gareth Frank Bale,Gareth Bale
Gareth Frank Bale,Gareth Bale
Pablo Martín Páez Gavira,Gavi
Pablo Martín Páez Gavira,Gavi
Pablo Martín Páez Gavira,Gavi
Pablo Martín Páez Gavira,Gavi
Georges-Kévin Nkoudou Mbida,Georges-Kevin N'Koudou
Georges-Kévin Nkoudou Mbida,Georges-Kevin N'Koudou
Germán Alejandro Pezzella,Germán Pezzella
Germán Alejandro Pezzella,Germán Pezzella
Germán Alejandro Pezzella,Germán Pezzella
Gerson Torres Barrantes,Gerson Torres Barrantes
Ghilane Chalali,Ghilane Chalali
Gideon Mensah,Gideon Mensah
Giorgian Daniel De Arrascaeta Benedetti,Giorgian De Arrascaeta
Giorgian Daniel De Arrascaeta Benedetti,Giorgian De Arrascaeta
Giovanni Reyna,Giovanni Reyna
Giovanni Reyna,Giovanni Reyna
Gonçalo Matias Ramos,Gonçalo Ramos
Gonçalo Matias Ramos,Gonçalo Ramos
Gonçalo Matias Ramos,Gonçalo Ramos
Gonçalo Matias Ramos,Gonçalo Ramos
Gonzalo Ariel Montiel,Gonzalo Montiel
Gonzalo Ariel Montiel,Gonzalo Montiel
Gonzalo Ariel Montiel,Gonzalo Montiel
Gonzalo Ariel Montiel,Gonzalo Montiel
Gonzalo Jordy Plata Jiménez,Gonzalo Plata
Gonzalo Jordy Plata Jiménez,Gonzalo Plata
Gonzalo Jordy Plata Jiménez,Gonzalo Plata
Granit Xhaka,Granit Xhaka
Granit Xhaka,Granit Xhaka
Granit Xhaka,Granit Xhaka
Granit Xhaka,Granit Xhaka
Gregor Kobel,Gregor Kobel
Grzegorz Krychowiak,Grzegorz Krychowiak
Grzegorz Krychowiak,Grzegorz Krychowiak
Grzegorz Krychowiak,Grzegorz Krychowiak
Grzegorz Krychowiak,Grzegorz Krychowiak
Gue-Sung Cho,Gue-Sung Cho
Gue-Sung Cho,Gue-Sung Cho
Gue-Sung Cho,Gue-Sung Cho
Gue-Sung Cho,Gue-Sung Cho
Guido Rodríguez,Guido Rodríguez
Francisco Guillermo Ochoa Magaña,Guillermo Ochoa
Francisco Guillermo Ochoa Magaña,Guillermo Ochoa
Francisco Guillermo Ochoa Magaña,Guillermo Ochoa
Guillermo Varela Olivera,Guillermo Varela
Guillermo Varela Olivera,Guillermo Varela
Guillermo Varela Olivera,Guillermo Varela
Héctor Miguel Herrera López,Héctor Herrera
Héctor Miguel Herrera López,Héctor Herrera
Héctor Alfredo Moreno Herrera,Héctor Moreno
Héctor Alfredo Moreno Herrera,Héctor Moreno
Héctor Alfredo Moreno Herrera,Héctor Moreno
Haitham Mohammed Asiri,Haitham Asiri
Haji Wright,Haji Wright
Haji Wright,Haji Wright
Haji Wright,Haji Wright
Haji Wright,Haji Wright
Hakim Ziyech,Hakim Ziyech
Hakim Ziyech,Hakim Ziyech
Hakim Ziyech,Hakim Ziyech
Hakim Ziyech,Hakim Ziyech
Hakim Ziyech,Hakim Ziyech
Hakim Ziyech,Hakim Ziyech
Hakim Ziyech,Hakim Ziyech
Hannibal Mejbri,Hannibal Mejbri
Haris Seferović,Haris Seferović
Haris Seferović,Haris Seferović
Haris Seferović,Haris Seferović
Harry Kane,Harry Kane
Harry Kane,Harry Kane
Harry Kane,Harry Kane
Harry Kane,Harry Kane
Harry Kane,Harry Kane
Harry Maguire,Harry Maguire
Harry Maguire,Harry Maguire
Harry Maguire,Harry Maguire
Harry Maguire,Harry Maguire
Harry Maguire,Harry Maguire
Harry Souttar,Harry Souttar
Harry Souttar,Harry Souttar
Harry Souttar,Harry Souttar
Harry Souttar,Harry Souttar
Harry Wilson,Harry Wilson
Harry Wilson,Harry Wilson
Harry Wilson,Harry Wilson
Hassan Khalid Al Heidos,Hassan Al Heidos
Hassan Khalid Al Heidos,Hassan Al Heidos
Hassan Khalid Al Heidos,Hassan Al Heidos
Hassan Mohammed Al-Tambakti,Hassan Mohammed Al Tambakti
Hassan Mohammed Al-Tambakti,Hassan Mohammed Al Tambakti
Hattan Babhir,Hattan Babhir
Hattan Babhir,Hattan Babhir
Hee-Chan Hwang,Hee-Chan Hwang
Hee-Chan Hwang,Hee-Chan Hwang
Henry Josué Martín Mex,Henry Martín
Henry Josué Martín Mex,Henry Martín
Hernán Ismael Galíndez,Hernán Galíndez
Hernán Ismael Galíndez,Hernán Galíndez
Hernán Ismael Galíndez,Hernán Galíndez
Heung-Min Son,Heung-Min Son
Heung-Min Son,Heung-Min Son
Heung-Min Son,Heung-Min Son
Heung-Min Son,Heung-Min Son
Hidemasa Morita,Hidemasa Morita
Hidemasa Morita,Hidemasa Morita
Hidemasa Morita,Hidemasa Morita
Hiroki Ito,Hiroki Ito
Hiroki Sakai,Hiroki Sakai
Hiroki Sakai,Hiroki Sakai
Hirving Rodrigo Lozano Bahena,Hirving Lozano
Hirving Rodrigo Lozano Bahena,Hirving Lozano
Hirving Rodrigo Lozano Bahena,Hirving Lozano
Homam Alamin Ahmed,Homam Ahmed
Homam Alamin Ahmed,Homam Ahmed
Homam Alamin Ahmed,Homam Ahmed
Mohammad Hossein Kanani Zadegan,Hossein Kanaani
Hugo Lloris,Hugo Lloris
Hugo Lloris,Hugo Lloris
Hugo Lloris,Hugo Lloris
Hugo Lloris,Hugo Lloris
Hugo Lloris,Hugo Lloris
Hugo Lloris,Hugo Lloris
Iñaki Williams Arthuer,Iñaki Williams
Iñaki Williams Arthuer,Iñaki Williams
Iñaki Williams Arthuer,Iñaki Williams
Ibrahima Konaté,Ibrahima Konaté
Ibrahima Konaté,Ibrahima Konaté
Ibrahima Konaté,Ibrahima Konaté
Ibrahima Konaté,Ibrahima Konaté
Ibrahima Konaté,Ibrahima Konaté
Idrissa Gana Gueye,Idrissa Gueye
Idrissa Gana Gueye,Idrissa Gueye
Idrissa Gana Gueye,Idrissa Gueye
Ilias Chair,Ilias Chair
Iliman Ndiaye,Iliman Ndiaye
Iliman Ndiaye,Iliman Ndiaye
Iliman Ndiaye,Iliman Ndiaye
In-Beom Hwang,In-Beom Hwang
In-Beom Hwang,In-Beom Hwang
In-Beom Hwang,In-Beom Hwang
In-Beom Hwang,In-Beom Hwang
Ismaïla Sarr,Ismaïla Sarr
Ismaïla Sarr,Ismaïla Sarr
Ismaïla Sarr,Ismaïla Sarr
Ismaïla Sarr,Ismaïla Sarr
Ismaeel Mohammad Mohammad,Ismaeel Mohammad
Ismaeel Mohammad Mohammad,Ismaeel Mohammad
Ismael Koné,Ismael Koné
Ismael Koné,Ismael Koné
Ismael Koné,Ismael Koné
Ismail Jakobs,Ismail Jakobs
Ismail Jakobs,Ismail Jakobs
Ismail Jakobs,Ismail Jakobs
Ismail Jakobs,Ismail Jakobs
Issam Jebali,Issam Jebali
Issam Jebali,Issam Jebali
Issam Jebali,Issam Jebali
Ivan Ilić,Ivan Ilić
Ivan Perišić,Ivan Perišić
Ivan Perišić,Ivan Perišić
Ivan Perišić,Ivan Perišić
Ivan Perišić,Ivan Perišić
Ivan Perišić,Ivan Perišić
Ivan Perišić,Ivan Perišić
Ivan Perišić,Ivan Perišić
Jeremy Doku,Jérémy Doku
Jack Grealish,Jack Grealish
Jack Grealish,Jack Grealish
Jack Grealish,Jack Grealish
Jack Grealish,Jack Grealish
Jackson Irvine,Jackson Irvine
Jackson Irvine,Jackson Irvine
Jackson Irvine,Jackson Irvine
Jackson Irvine,Jackson Irvine
Jackson Gabriel Porozo Vernaza,Jackson Porozo
Jackson Gabriel Porozo Vernaza,Jackson Porozo
Jae-Sung Lee,Jae-Sung Lee
Jae-Sung Lee,Jae-Sung Lee
Jae-Sung Lee,Jae-Sung Lee
Jakub Kamiński,Jakub Kamiński
Jakub Kamiński,Jakub Kamiński
Jakub Kamiński,Jakub Kamiński
Jakub Kamiński,Jakub Kamiński
Jakub Piotr Kiwior,Jakub Piotr Kiwior
Jakub Piotr Kiwior,Jakub Piotr Kiwior
Jakub Piotr Kiwior,Jakub Piotr Kiwior
Jakub Piotr Kiwior,Jakub Piotr Kiwior
Jamal Musiala,Jamal Musiala
Jamal Musiala,Jamal Musiala
Jamal Musiala,Jamal Musiala
Jamie MacLaren,Jamie Maclaren
Jamie MacLaren,Jamie Maclaren
Jamie MacLaren,Jamie Maclaren
Jan Bednarek,Jan Bednarek
Jan Vertonghen,Jan Vertonghen
Jan Vertonghen,Jan Vertonghen
Jan Vertonghen,Jan Vertonghen
Jason Cummings,Jason Cummings
Jawad El Yamiq,Jawad El Yamiq
Jawad El Yamiq,Jawad El Yamiq
Jawad El Yamiq,Jawad El Yamiq
Jawad El Yamiq,Jawad El Yamiq
Jawad El Yamiq,Jawad El Yamiq
Jawad El Yamiq,Jawad El Yamiq
Jean-Charles Castelletto,Jean-Charles Castelletto
Jean-Charles Castelletto,Jean-Charles Castelletto
Jeremy Leonel Sarmiento Morante,Jeremy Sarmiento
Jeremy Leonel Sarmiento Morante,Jeremy Sarmiento
Jeremy Leonel Sarmiento Morante,Jeremy Sarmiento
Jerome Ngom Mbekeli,Jerome Mbekeli
Jesús Daniel Gallardo Vasconcelos,Jesús Gallardo
Jesús Daniel Gallardo Vasconcelos,Jesús Gallardo
Jesús Daniel Gallardo Vasconcelos,Jesús Gallardo
Jesper Lindstrøm,Jesper Lindstrøm
Jesper Lindstrøm,Jesper Lindstrøm
Jesper Lindstrøm,Jesper Lindstrøm
Jesus Ferreira,Jesus Ferreira
Jewison Bennette,Jewison Bennette
Jewison Bennette,Jewison Bennette
Jewison Bennette,Jewison Bennette
Jhegson Sebastián Méndez Carabalí,Jhegson Méndez
Jhegson Sebastián Méndez Carabalí,Jhegson Méndez
Jin-Su Kim,Jin-Su Kim
Jin-Su Kim,Jin-Su Kim
Jin-Su Kim,Jin-Su Kim
Jin-Su Kim,Jin-Su Kim
João Pedro Cavaco Cancelo,João Cancelo
João Pedro Cavaco Cancelo,João Cancelo
João Pedro Cavaco Cancelo,João Cancelo
João Pedro Cavaco Cancelo,João Cancelo
João Félix Sequeira,João Félix
João Félix Sequeira,João Félix
João Félix Sequeira,João Félix
João Félix Sequeira,João Félix
João Mário Naval da Costa Eduardo,João Mário
João Mário Naval da Costa Eduardo,João Mário
João Maria Lobo Alves Palhinha Gonçalves,João Palhinha
João Maria Lobo Alves Palhinha Gonçalves,João Palhinha
João Maria Lobo Alves Palhinha Gonçalves,João Palhinha
Joško Gvardiol,Joško Gvardiol
Joško Gvardiol,Joško Gvardiol
Joško Gvardiol,Joško Gvardiol
Joško Gvardiol,Joško Gvardiol
Joško Gvardiol,Joško Gvardiol
Joško Gvardiol,Joško Gvardiol
Joško Gvardiol,Joško Gvardiol
Joachim Andersen,Joachim Andersen
Joachim Andersen,Joachim Andersen
Joachim Andersen,Joachim Andersen
Joakim Mæhle,Joakim Maehle
Joakim Mæhle,Joakim Maehle
Joakim Mæhle,Joakim Maehle
Joe Allen,Joe Allen
Joe Allen,Joe Allen
Joe Rodon,Joe Rodon
Joe Rodon,Joe Rodon
Joe Rodon,Joe Rodon
Joel Nathaniel Campbell Samuels,Joel Campbell
Joel Nathaniel Campbell Samuels,Joel Campbell
Joel Nathaniel Campbell Samuels,Joel Campbell
Johan Alberto Venegas Ulloa,Johan Venegas
John Stones,John Stones
John Stones,John Stones
John Stones,John Stones
John Stones,John Stones
John Stones,John Stones
Jonas Hofmann,Jonas Hofmann
Jonas Hofmann,Jonas Hofmann
Jonathan David,Jonathan David
Jonathan David,Jonathan David
Jonathan David,Jonathan David
Jonathan Osorio,Jonathan Osorio
Jonathan Osorio,Jonathan Osorio
Jonathan Osorio,Jonathan Osorio
Jordan Ayew,Jordan Ayew
Jordan Ayew,Jordan Ayew
Jordan Ayew,Jordan Ayew
Jordan Brian Henderson,Jordan Henderson
Jordan Brian Henderson,Jordan Henderson
Jordan Brian Henderson,Jordan Henderson
Jordan Brian Henderson,Jordan Henderson
Jordan Morris,Jordan Morris
Jordan Morris,Jordan Morris
Jordan Pickford,Jordan Pickford
Jordan Pickford,Jordan Pickford
Jordan Pickford,Jordan Pickford
Jordan Pickford,Jordan Pickford
Jordan Pickford,Jordan Pickford
Jordan Veretout,Jordan Veretout
Jordi Alba Ramos,Jordi Alba
Jordi Alba Ramos,Jordi Alba
Jordi Alba Ramos,Jordi Alba
Jordi Alba Ramos,Jordi Alba
Jorge Eduardo Sánchez Ramos,Jorge Sánchez
Jorge Eduardo Sánchez Ramos,Jorge Sánchez
José Adoni Cifuentes Charcopa,José Cifuentes
José Adoni Cifuentes Charcopa,José Cifuentes
José María Giménez de Vargas,José Giménez
José María Giménez de Vargas,José Giménez
José María Giménez de Vargas,José Giménez
Joseff Morrell,Joseff Morrell
Joseff Morrell,Joseff Morrell
Joshua Sargent,Josh Sargent
Joshua Sargent,Josh Sargent
Joshua Sargent,Josh Sargent
Joshua Kimmich,Joshua Kimmich
Joshua Kimmich,Joshua Kimmich
Joshua Kimmich,Joshua Kimmich
Josip Šutalo,Josip Šutalo
Josip Juranović,Josip Juranović
Josip Juranović,Josip Juranović
Josip Juranović,Josip Juranović
Josip Juranović,Josip Juranović
Josip Juranović,Josip Juranović
Josip Juranović,Josip Juranović
Josip Stanišić,Josip Stanišić
Juan Marcos Foyth,Juan Foyth
Juan Pablo Vargas Campos,Juan Pablo Vargas
Jude Bellingham,Jude Bellingham
Jude Bellingham,Jude Bellingham
Jude Bellingham,Jude Bellingham
Jude Bellingham,Jude Bellingham
Jude Bellingham,Jude Bellingham
Jules Koundé,Jules Koundé
Jules Koundé,Jules Koundé
Jules Koundé,Jules Koundé
Jules Koundé,Jules Koundé
Jules Koundé,Jules Koundé
Jules Koundé,Jules Koundé
Julián Álvarez,Julián Álvarez
Julián Álvarez,Julián Álvarez
Julián Álvarez,Julián Álvarez
Julián Álvarez,Julián Álvarez
Julián Álvarez,Julián Álvarez
Julián Álvarez,Julián Álvarez
Julián Álvarez,Julián Álvarez
Jun-Ho Son,Jun-Ho Son
Jun-Ho Son,Jun-Ho Son
Jun-Ho Son,Jun-Ho Son
David Junior Hoilett,Junior Hoilett
David Junior Hoilett,Junior Hoilett
David Junior Hoilett,Junior Hoilett
Junya Ito,Junya Ito
Junya Ito,Junya Ito
Junya Ito,Junya Ito
Junya Ito,Junya Ito
Jurriën David Norman Timber,Jurriën Timber
Jurriën David Norman Timber,Jurriën Timber
Jurriën David Norman Timber,Jurriën Timber
Jurriën David Norman Timber,Jurriën Timber
Kai Havertz,Kai Havertz
Kai Havertz,Kai Havertz
Kalidou Koulibaly,Kalidou Koulibaly
Kalidou Koulibaly,Kalidou Koulibaly
Kalidou Koulibaly,Kalidou Koulibaly
Kalidou Koulibaly,Kalidou Koulibaly
Kalvin Phillips,Kalvin Phillips
Kalvin Phillips,Kalvin Phillips
Kamal Miller,Kamal Miller
Kamal Miller,Kamal Miller
Kamal Miller,Kamal Miller
Kamaldeen Sulemana,Kamaldeen Sulemana
Kamaldeen Sulemana,Kamaldeen Sulemana
Kamil Glik,Kamil Glik
Kamil Glik,Kamil Glik
Kamil Glik,Kamil Glik
Kamil Glik,Kamil Glik
Kamil Grosicki,Kamil Grosicki
Kang-In Lee,Kang-In Lee
Kang-In Lee,Kang-In Lee
Kang-In Lee,Kang-In Lee
Kang-In Lee,Kang-In Lee
Kaoru Mitoma,Kaoru Mitoma
Kaoru Mitoma,Kaoru Mitoma
Kaoru Mitoma,Kaoru Mitoma
Kaoru Mitoma,Kaoru Mitoma
Karim Ansarifard,Karim Ansarifard
Karim Ansarifard,Karim Ansarifard
Karim Boudiaf,Karim Boudiaf
Karim Boudiaf,Karim Boudiaf
Karim Boudiaf,Karim Boudiaf
Karl Brillant Toko Ekambi,Karl Toko Ekambi
Karl Brillant Toko Ekambi,Karl Toko Ekambi
Karl Brillant Toko Ekambi,Karl Toko Ekambi
Karol Świderski,Karol Świderski
Kasper Dolberg,Kasper Dolberg
Kasper Dolberg,Kasper Dolberg
Kasper Dolberg,Kasper Dolberg
Kasper Schmeichel,Kasper Schmeichel
Kasper Schmeichel,Kasper Schmeichel
Kasper Schmeichel,Kasper Schmeichel
Keanu Baccus,Keanu Baccus
Keanu Baccus,Keanu Baccus
Keanu Baccus,Keanu Baccus
Keanu Baccus,Keanu Baccus
Kellyn Kai Perry-Acosta,Kellyn Kai Perry-Acosta
Kellyn Kai Perry-Acosta,Kellyn Kai Perry-Acosta
Kendall Jamaal Waston Manley,Kendall Waston
Kendall Jamaal Waston Manley,Kendall Waston
Kendall Jamaal Waston Manley,Kendall Waston
Kenneth Taylor,Kenneth Taylor
Kevin Nahin Álvarez Campos,Kevin Álvarez
Kevin Nahin Álvarez Campos,Kevin Álvarez
Kevin De Bruyne,Kevin De Bruyne
Kevin De Bruyne,Kevin De Bruyne
Kevin De Bruyne,Kevin De Bruyne
Kevin José Rodríguez Cortez,Kevin Rodríguez
Kevin José Rodríguez Cortez,Kevin Rodríguez
Keylor Navas Gamboa,Keylor Navas
Keylor Navas Gamboa,Keylor Navas
Keylor Navas Gamboa,Keylor Navas
Keysher Fuller Spence,Keysher Fuller Spence
Keysher Fuller Spence,Keysher Fuller Spence
Keysher Fuller Spence,Keysher Fuller Spence
Kieffer Roberto Francisco Moore,Kieffer Moore
Kieffer Roberto Francisco Moore,Kieffer Moore
Kieffer Roberto Francisco Moore,Kieffer Moore
Kieran Trippier,Kieran Trippier
Kieran Trippier,Kieran Trippier
Kieran Trippier,Kieran Trippier
Kingsley Coman,Kingsley Coman
Kingsley Coman,Kingsley Coman
Kingsley Coman,Kingsley Coman
Kingsley Coman,Kingsley Coman
Kingsley Coman,Kingsley Coman
Kingsley Coman,Kingsley Coman
Ko Itakura,Ko Itakura
Ko Itakura,Ko Itakura
Ko Itakura,Ko Itakura
Jorge Resurrección Merodio,Koke
Jorge Resurrección Merodio,Koke
Krépin Diatta,Krépin Diatta
Krépin Diatta,Krépin Diatta
Krépin Diatta,Krépin Diatta
Krystian Bielik,Krystian Bielik
Krystian Bielik,Krystian Bielik
Krystian Bielik,Krystian Bielik
Krystian Bielik,Krystian Bielik
Krzysztof Piątek,Krzysztof Piątek
Krzysztof Piątek,Krzysztof Piątek
Kye Rowles,Kye Rowles
Kye Rowles,Kye Rowles
Kye Rowles,Kye Rowles
Kye Rowles,Kye Rowles
Kyle Walker,Kyle Walker
Kyle Walker,Kyle Walker
Kyle Walker,Kyle Walker
Kylian Mbappé Lottin,Kylian Mbappé
Kylian Mbappé Lottin,Kylian Mbappé
Kylian Mbappé Lottin,Kylian Mbappé
Kylian Mbappé Lottin,Kylian Mbappé
Kylian Mbappé Lottin,Kylian Mbappé
Kylian Mbappé Lottin,Kylian Mbappé
Kylian Mbappé Lottin,Kylian Mbappé
Kyung-Won Kwon,Kyung-Won Kwon
Kyung-Won Kwon,Kyung-Won Kwon
Lautaro Javier Martínez,Lautaro Martínez
Lautaro Javier Martínez,Lautaro Martínez
Lautaro Javier Martínez,Lautaro Martínez
Lautaro Javier Martínez,Lautaro Martínez
Lautaro Javier Martínez,Lautaro Martínez
Lautaro Javier Martínez,Lautaro Martínez
Lawrence Ati-Zigi,Lawrence Ati-Zigi
Lawrence Ati-Zigi,Lawrence Ati-Zigi
Lawrence Ati-Zigi,Lawrence Ati-Zigi
Leander Dendoncker,Leander Dendoncker
Leander Dendoncker,Leander Dendoncker
Leandro Daniel Paredes,Leandro Paredes
Leandro Daniel Paredes,Leandro Paredes
Leandro Daniel Paredes,Leandro Paredes
Leandro Daniel Paredes,Leandro Paredes
Leandro Daniel Paredes,Leandro Paredes
Leandro Trossard,Leandro Trossard
Leandro Trossard,Leandro Trossard
Leandro Trossard,Leandro Trossard
Leon Goretzka,Leon Goretzka
Leon Goretzka,Leon Goretzka
Leon Goretzka,Leon Goretzka
Leroy Sané,Leroy Sané
Leroy Sané,Leroy Sané
Liam Millar,Liam Millar
Lionel Andrés Messi Cuccittini,Lionel Messi
Lionel Andrés Messi Cuccittini,Lionel Messi
Lionel Andrés Messi Cuccittini,Lionel Messi
Lionel Andrés Messi Cuccittini,Lionel Messi
Lionel Andrés Messi Cuccittini,Lionel Messi
Lionel Andrés Messi Cuccittini,Lionel Messi
Lionel Andrés Messi Cuccittini,Lionel Messi
Lisandro Martínez,Lisandro Martínez
Lisandro Martínez,Lisandro Martínez
Lisandro Martínez,Lisandro Martínez
Lisandro Martínez,Lisandro Martínez
Lisandro Martínez,Lisandro Martínez
Ikoma Loïs Openda,Loïs Openda
Lovro Majer,Lovro Majer
Lovro Majer,Lovro Majer
Lovro Majer,Lovro Majer
Lovro Majer,Lovro Majer
Lovro Majer,Lovro Majer
Lovro Majer,Lovro Majer
Lovro Majer,Lovro Majer
Lucas Daniel Cavallini,Lucas Cavallini
Lucas Hernández Pi,Lucas Hernandez
Lucas Tolentino Coelho de Lima,Lucas Paquetá
Lucas Tolentino Coelho de Lima,Lucas Paquetá
Lucas Tolentino Coelho de Lima,Lucas Paquetá
Lucas Tolentino Coelho de Lima,Lucas Paquetá
Luis Gerardo Chávez Magallón,Luis Chávez
Luis Gerardo Chávez Magallón,Luis Chávez
Luis Gerardo Chávez Magallón,Luis Chávez
Luis Alberto Suárez Díaz,Luis Suárez
Luis Alberto Suárez Díaz,Luis Suárez
Luis Alberto Suárez Díaz,Luis Suárez
Luka Jović,Luka Jović
Luka Modrić,Luka Modrić
Luka Modrić,Luka Modrić
Luka Modrić,Luka Modrić
Luka Modrić,Luka Modrić
Luka Modrić,Luka Modrić
Luka Modrić,Luka Modrić
Luka Modrić,Luka Modrić
Lukas Klostermann,Lukas Klostermann
Lukas Klostermann,Lukas Klostermann
Luke Shaw,Luke Shaw
Luke Shaw,Luke Shaw
Luke Shaw,Luke Shaw
Luke Shaw,Luke Shaw
Luke Shaw,Luke Shaw
Luuk de Jong,Luuk de Jong
Seyed Majid Hosseini,Majid Hosseini
Seyed Majid Hosseini,Majid Hosseini
Seyed Majid Hosseini,Majid Hosseini
Manuel Obafemi Akanji,Manuel Akanji
Manuel Obafemi Akanji,Manuel Akanji
Manuel Obafemi Akanji,Manuel Akanji
Manuel Obafemi Akanji,Manuel Akanji
Manuel Neuer,Manuel Neuer
Manuel Neuer,Manuel Neuer
Manuel Neuer,Manuel Neuer
Marcelo Brozović,Marcelo Brozović
Marcelo Brozović,Marcelo Brozović
Marcelo Brozović,Marcelo Brozović
Marcelo Brozović,Marcelo Brozović
Marcelo Brozović,Marcelo Brozović
Marcelo Brozović,Marcelo Brozović
Marco Asensio Willemsen,Marco Asensio Willemsen
Marco Asensio Willemsen,Marco Asensio Willemsen
Marco Asensio Willemsen,Marco Asensio Willemsen
Marco Asensio Willemsen,Marco Asensio Willemsen
Marcos Javier Acuña,Marcos Acuña
Marcos Javier Acuña,Marcos Acuña
Marcos Javier Acuña,Marcos Acuña
Marcos Javier Acuña,Marcos Acuña
Marcos Javier Acuña,Marcos Acuña
Marcos Javier Acuña,Marcos Acuña
Marcos Llorente Moreno,Marcos Llorente
Marcus Rashford,Marcus Rashford
Marcus Rashford,Marcus Rashford
Marcus Rashford,Marcus Rashford
Marcus Rashford,Marcus Rashford
Marcus Rashford,Marcus Rashford
Marcus Thuram,Marcus Thuram
Marcus Thuram,Marcus Thuram
Marcus Thuram,Marcus Thuram
Marcus Thuram,Marcus Thuram
Mario Götze,Mario Götze
Mario Götze,Mario Götze
Mario Pašalić,Mario Pašalić
Mario Pašalić,Mario Pašalić
Mario Pašalić,Mario Pašalić
Mario Pašalić,Mario Pašalić
Mario Pašalić,Mario Pašalić
Mario Pašalić,Mario Pašalić
Mario Pašalić,Mario Pašalić
Mark Anthony Kaye,Mark Anthony Kaye
Marko Grujić,Marko Grujić
Marko Livaja,Marko Livaja
Marko Livaja,Marko Livaja
Marko Livaja,Marko Livaja
Marko Livaja,Marko Livaja
Marko Livaja,Marko Livaja
Marko Livaja,Marko Livaja
Marcos Aoás Corrêa,Marquinhos
Marcos Aoás Corrêa,Marquinhos
Marcos Aoás Corrêa,Marquinhos
Marcos Aoás Corrêa,Marquinhos
Marcos Aoás Corrêa,Marquinhos
José Martín Cáceres Silva,Martín Cáceres
Marten de Roon,Marten de Roon
Marten de Roon,Marten de Roon
Marten de Roon,Marten de Roon
Marten de Roon,Marten de Roon
Martin Braithwaite Christensen,Martin Braithwaite
Martin Braithwaite Christensen,Martin Braithwaite
Martin Hongla Yma II,Martin Hongla Yma II
Martin Hongla Yma II,Martin Hongla Yma II
Mason Mount,Mason Mount
Mason Mount,Mason Mount
Mason Mount,Mason Mount
Mason Mount,Mason Mount
Mathew Ryan,Mat Ryan
Mathew Ryan,Mat Ryan
Mathew Ryan,Mat Ryan
Mathew Ryan,Mat Ryan
Matías Vecino Falero,Matías Vecino
Matías Vecino Falero,Matías Vecino
Matías Vecino Falero,Matías Vecino
Matías Nicolás Viña Susperreguy,Matías Viña
Matías Nicolás Viña Susperreguy,Matías Viña
Mateo Kovačić,Mateo Kovačić
Mateo Kovačić,Mateo Kovačić
Mateo Kovačić,Mateo Kovačić
Mateo Kovačić,Mateo Kovačić
Mateo Kovačić,Mateo Kovačić
Mateo Kovačić,Mateo Kovačić
Mateo Kovačić,Mateo Kovačić
Mathías Olivera Miramontes,Mathías Olivera
Mathías Olivera Miramontes,Mathías Olivera
Mathías Olivera Miramontes,Mathías Olivera
Matheus Luiz Nunes,Matheus Nunes
Matheus Luiz Nunes,Matheus Nunes
Mathew Leckie,Mathew Leckie
Mathew Leckie,Mathew Leckie
Mathew Leckie,Mathew Leckie
Mathew Leckie,Mathew Leckie
Mathias Jensen,Mathias Jensen
Mathias Jensen,Mathias Jensen
Mattéo Guendouzi Olié,Mattéo Guendouzi
Matthew Charles Turner,Matthew Turner
Matthew Charles Turner,Matthew Turner
Matthew Charles Turner,Matthew Turner
Matthew Charles Turner,Matthew Turner
Matthias Ginter,Matthias Ginter
Matthijs de Ligt,Matthijs de Ligt
Matty Cash,Matty Cash
Matty Cash,Matty Cash
Matty Cash,Matty Cash
Matty Cash,Matty Cash
Maximiliano Gómez González,Maxi Gómez
Maximiliano Gómez González,Maxi Gómez
Maya Yoshida,Maya Yoshida
Maya Yoshida,Maya Yoshida
Maya Yoshida,Maya Yoshida
Maya Yoshida,Maya Yoshida
Mehdi Taremi,Mehdi Taremi
Mehdi Taremi,Mehdi Taremi
Mehdi Taremi,Mehdi Taremi
Mehdi Torabi,Mehdi Torabi
Mehdi Torabi,Mehdi Torabi
Mehdi Torabi,Mehdi Torabi
Memphis Depay,Memphis Depay
Memphis Depay,Memphis Depay
Memphis Depay,Memphis Depay
Memphis Depay,Memphis Depay
Memphis Depay,Memphis Depay
Meshaal Aissa Barsham,Meshaal Barsham
Meshaal Aissa Barsham,Meshaal Barsham
Michał Skóraś,Michał Skóraś
Michael Steveen Estrada Martínez,Michael Estrada
Michael Steveen Estrada Martínez,Michael Estrada
Michael Steveen Estrada Martínez,Michael Estrada
Michel Aebischer,Michel Aebischer
Michy Batshuayi Tunga,Michy Batshuayi
Michy Batshuayi Tunga,Michy Batshuayi
Miki Yamane,Miki Yamane
Mikkel Damsgaard,Mikkel Damsgaard
Mikkel Damsgaard,Mikkel Damsgaard
Mikkel Damsgaard,Mikkel Damsgaard
Milad Mohammadi,Milad Mohammadi
Milad Mohammadi,Milad Mohammadi
Milad Mohammadi,Milad Mohammadi
Milan Borjan,Milan Borjan
Milan Borjan,Milan Borjan
Milan Borjan,Milan Borjan
Miloš Degenek,Miloš Degenek
Miloš Degenek,Miloš Degenek
Miloš Degenek,Miloš Degenek
Miloš Degenek,Miloš Degenek
Milos Veljkovic,Milos Veljkovic
Milos Veljkovic,Milos Veljkovic
Milos Veljkovic,Milos Veljkovic
Min Jae Kim,Min Jae Kim
Min Jae Kim,Min Jae Kim
Min Jae Kim,Min Jae Kim
Mislav Oršić,Mislav Oršić
Mislav Oršić,Mislav Oršić
Mislav Oršić,Mislav Oršić
Mislav Oršić,Mislav Oršić
Mislav Oršić,Mislav Oršić
Mislav Oršić,Mislav Oršić
Mitchell Thomas Duke,Mitchell Duke
Mitchell Thomas Duke,Mitchell Duke
Mitchell Thomas Duke,Mitchell Duke
Mitchell Thomas Duke,Mitchell Duke
Mohamed Ali Ben Romdhane,Mohamed Ali Ben Romdhane
Mohamed Dräger,Mohamed Dräger
Mohamed Dräger,Mohamed Dräger
Mohamed Salisu,Mohamed Salisu
Mohamed Salisu,Mohamed Salisu
Mohamed Salisu,Mohamed Salisu
Mohammed Waed Abdulwahhab Al Bayati,Mohammed Al Bayati
Mohammed Waed Abdulwahhab Al Bayati,Mohammed Al Bayati
Mohammed Al Burayk,Mohammed Al Burayk
Mohammed Al Burayk,Mohammed Al Burayk
Mohammed Khalil Al Owais,Mohammed Al Owais
Mohammed Khalil Al Owais,Mohammed Al Owais
Mohammed Khalil Al Owais,Mohammed Al Owais
Mohammed Kanoo,Mohammed Kanoo
Mohammed Kanoo,Mohammed Kanoo
Mohammed Kanoo,Mohammed Kanoo
Mohammed Kudus,Mohammed Kudus
Mohammed Kudus,Mohammed Kudus
Mohammed Kudus,Mohammed Kudus
Mohammed Muntari,Mohammed Muntari
Mohammed Muntari,Mohammed Muntari
Mohammed Muntari,Mohammed Muntari
Moisés Isaac Caicedo Corozo,Moisés Caicedo
Moisés Isaac Caicedo Corozo,Moisés Caicedo
Moisés Isaac Caicedo Corozo,Moisés Caicedo
Montassar Omar Talbi,Montassar Omar Talbi
Montassar Omar Talbi,Montassar Omar Talbi
Montassar Omar Talbi,Montassar Omar Talbi
Moon-Hwan Kim,Moon-Hwan Kim
Moon-Hwan Kim,Moon-Hwan Kim
Moon-Hwan Kim,Moon-Hwan Kim
Moon-Hwan Kim,Moon-Hwan Kim
Morteza Pouraliganji,Morteza Pouraliganji
Morteza Pouraliganji,Morteza Pouraliganji
Morteza Pouraliganji,Morteza Pouraliganji
Mosaab Khoder Jibril,Mosaab Khoder
Nicolas Moumi Ngamaleu,Moumi Ngamaleu
Nicolas Moumi Ngamaleu,Moumi Ngamaleu
Munir Mohand Mohamedi,Munir Mohamedi
Néstor Alejandro Araújo Razo,Néstor Araujo
Naïm Sliti,Naïm Sliti
Naïm Sliti,Naïm Sliti
Nader Ghandri,Nader Ghandri
Nahuel Molina Lucero,Nahuel Molina
Nahuel Molina Lucero,Nahuel Molina
Nahuel Molina Lucero,Nahuel Molina
Nahuel Molina Lucero,Nahuel Molina
Nahuel Molina Lucero,Nahuel Molina
Nahuel Molina Lucero,Nahuel Molina
Nahuel Molina Lucero,Nahuel Molina
Nampalys Mendy,Nampalys Mendy
Nampalys Mendy,Nampalys Mendy
Nampalys Mendy,Nampalys Mendy
Nampalys Mendy,Nampalys Mendy
Nasser Al Dawsari,Nasser Al Dawsari
Nathan Aké,Nathan Aké
Nathan Aké,Nathan Aké
Nathan Aké,Nathan Aké
Nathan Aké,Nathan Aké
Nathan Aké,Nathan Aké
Nathaniel Atkinson,Nathaniel Atkinson
Nawaf Shaker Al Abid,Nawaf Al Abid
Nawaf Shaker Al Abid,Nawaf Al Abid
Nayef Aguerd,Nayef Aguerd
Nayef Aguerd,Nayef Aguerd
Nayef Aguerd,Nayef Aguerd
Nayef Aguerd,Nayef Aguerd
Neco Williams,Neco Williams
Neco Williams,Neco Williams
Neco Williams,Neco Williams
Nemanja Gudelj,Nemanja Gudelj
Nemanja Gudelj,Nemanja Gudelj
Nemanja Maksimović,Nemanja Maksimović
Nemanja Maksimović,Nemanja Maksimović
Nemanja Maksimović,Nemanja Maksimović
Nemanja Radonjić,Nemanja Radonjić
Nemanja Radonjić,Nemanja Radonjić
Nemanja Radonjić,Nemanja Radonjić
Neymar da Silva Santos Junior,Neymar
Neymar da Silva Santos Junior,Neymar
Neymar da Silva Santos Junior,Neymar
Niclas Füllkrug,Niclas Füllkrug
Niclas Füllkrug,Niclas Füllkrug
Niclas Füllkrug,Niclas Füllkrug
Nico Elvedi,Nico Elvedi
Nico Elvedi,Nico Elvedi
Nico Schlotterbeck,Nico Schlotterbeck
Nico Schlotterbeck,Nico Schlotterbeck
Nicholas Williams Arthuer,Nico Williams
Nicholas Williams Arthuer,Nico Williams
Nicholas Williams Arthuer,Nico Williams
Nicholas Williams Arthuer,Nico Williams
Diego Nicolás De La Cruz Arcosa,Nicolás De La Cruz
Diego Nicolás De La Cruz Arcosa,Nicolás De La Cruz
Nicolás Hernán Otamendi,Nicolás Otamendi
Nicolás Hernán Otamendi,Nicolás Otamendi
Nicolás Hernán Otamendi,Nicolás Otamendi
Nicolás Hernán Otamendi,Nicolás Otamendi
Nicolás Hernán Otamendi,Nicolás Otamendi
Nicolás Hernán Otamendi,Nicolás Otamendi
Nicolás Hernán Otamendi,Nicolás Otamendi
Nicolás Alejandro Tagliafico,Nicolás Tagliafico
Nicolás Alejandro Tagliafico,Nicolás Tagliafico
Nicolás Alejandro Tagliafico,Nicolás Tagliafico
Nicolás Alejandro Tagliafico,Nicolás Tagliafico
Nicolás Alejandro Tagliafico,Nicolás Tagliafico
Nicolás Alejandro Tagliafico,Nicolás Tagliafico
Nicola Zalewski,Nicola Zalewski
Nicola Zalewski,Nicola Zalewski
Nicolas Jackson,Nicolas Jackson
Nicolas Alexis Julio N'Koulou Ndoubena,Nicolas N'Koulou
Nicolas Alexis Julio N'Koulou Ndoubena,Nicolas N'Koulou
Niklas Süle,Niklas Süle
Niklas Süle,Niklas Süle
Niklas Süle,Niklas Süle
Nikola Milenković,Nikola Milenković
Nikola Milenković,Nikola Milenković
Nikola Milenković,Nikola Milenković
Nikola Vlašić,Nikola Vlašić
Nikola Vlašić,Nikola Vlašić
Nikola Vlašić,Nikola Vlašić
Nikola Vlašić,Nikola Vlašić
Nikola Vlašić,Nikola Vlašić
Nikola Vlašić,Nikola Vlašić
Noa Lang,Noa Lang
Noah Okafor,Noah Okafor
Noah Okafor,Noah Okafor
Noah Okafor,Noah Okafor
Nouhou Tolo,Nouhou Tolo
Nouhou Tolo,Nouhou Tolo
Nouhou Tolo,Nouhou Tolo
Noussair Mazraoui,Noussair Mazraoui
Noussair Mazraoui,Noussair Mazraoui
Noussair Mazraoui,Noussair Mazraoui
Noussair Mazraoui,Noussair Mazraoui
Noussair Mazraoui,Noussair Mazraoui
Nuno Mendes,Nuno Mendes
Olivier Giroud,Olivier Giroud
Olivier Giroud,Olivier Giroud
Olivier Giroud,Olivier Giroud
Olivier Giroud,Olivier Giroud
Olivier Giroud,Olivier Giroud
Olivier Giroud,Olivier Giroud
Jules Olivier Ntcham,Olivier Ntcham
Orbelín Pineda Alvarado,Orbelín Pineda
Osman Bukari,Osman Bukari
Osman Bukari,Osman Bukari
Otávio Edmilson da Silva Monteiro,Otavinho
Otávio Edmilson da Silva Monteiro,Otavinho
Otávio Edmilson da Silva Monteiro,Otavinho
Ousmane Dembélé,Ousmane Dembélé
Ousmane Dembélé,Ousmane Dembélé
Ousmane Dembélé,Ousmane Dembélé
Ousmane Dembélé,Ousmane Dembélé
Ousmane Dembélé,Ousmane Dembélé
Ousmane Dembélé,Ousmane Dembélé
Ousmane Dembélé,Ousmane Dembélé
Pablo Sarabia García,Pablo Sarabia
Pape Abou Cissé,Pape Abou Cissé
Pape Abou Cissé,Pape Abou Cissé
Pape Gueye,Pape Gueye
Pape Gueye,Pape Gueye
Pape Gueye,Pape Gueye
Pape Matar Sarr,Pape Sarr
Pape Matar Sarr,Pape Sarr
Alejandro Darío Gómez,Papu Gómez
Alejandro Darío Gómez,Papu Gómez
Pathé Ismaël Ciss,Pathé Ismaël Ciss
Pathé Ismaël Ciss,Pathé Ismaël Ciss
Pathé Ismaël Ciss,Pathé Ismaël Ciss
Pau Francisco Torres,Pau Torres
Paulo Bruno Exequiel Dybala,Paulo Dybala
Paulo Bruno Exequiel Dybala,Paulo Dybala
Pedro González López,Pedri
Pedro González López,Pedri
Pedro González López,Pedri
Pedro González López,Pedri
Pedro Miguel Correia,Pedro Miguel
Pedro Miguel Correia,Pedro Miguel
Pedro Miguel Correia,Pedro Miguel
Pedro Guilherme Abreu dos Santos,Pedro
Pedro Guilherme Abreu dos Santos,Pedro
Kléper Laveran Lima Ferreira,Pepe
Kléper Laveran Lima Ferreira,Pepe
Kléper Laveran Lima Ferreira,Pepe
Kléper Laveran Lima Ferreira,Pepe
Pervis Josué Estupiñán Tenorio,Pervis Estupiñán
Pervis Josué Estupiñán Tenorio,Pervis Estupiñán
Pervis Josué Estupiñán Tenorio,Pervis Estupiñán
Philip Foden,Philip Foden
Philip Foden,Philip Foden
Philip Foden,Philip Foden
Philip Foden,Philip Foden
Piero Martín Hincapié Reyna,Piero Hincapié
Piero Martín Hincapié Reyna,Piero Hincapié
Piero Martín Hincapié Reyna,Piero Hincapié
Pierre Kunde Malong,Pierre Kunde
Pierre Kunde Malong,Pierre Kunde
Pierre-Emile Højbjerg,Pierre-Emile Højbjerg
Pierre-Emile Højbjerg,Pierre-Emile Højbjerg
Pierre-Emile Højbjerg,Pierre-Emile Højbjerg
Piotr Zieliński,Piotr Zieliński
Piotr Zieliński,Piotr Zieliński
Piotr Zieliński,Piotr Zieliński
Piotr Zieliński,Piotr Zieliński
Przemysław Frankowski,Przemysław Frankowski
Przemysław Frankowski,Przemysław Frankowski
Przemysław Frankowski,Przemysław Frankowski
Przemysław Frankowski,Przemysław Frankowski
Rúben Santos Gato Alves Dias,Rúben Dias
Rúben Santos Gato Alves Dias,Rúben Dias
Rúben Santos Gato Alves Dias,Rúben Dias
Rúben Santos Gato Alves Dias,Rúben Dias
Rúben Diogo Da Silva Neves,Rúben Neves
Rúben Diogo Da Silva Neves,Rúben Neves
Rúben Diogo Da Silva Neves,Rúben Neves
Rúben Diogo Da Silva Neves,Rúben Neves
Rúben Diogo Da Silva Neves,Rúben Neves
Raúl Alonso Jiménez Rodríguez,Raúl Jiménez
Raúl Alonso Jiménez Rodríguez,Raúl Jiménez
Raúl Alonso Jiménez Rodríguez,Raúl Jiménez
Rafael Alexandre Conceição Leão,Rafael Leão
Rafael Alexandre Conceição Leão,Rafael Leão
Rafael Alexandre Conceição Leão,Rafael Leão
Rafael Alexandre Conceição Leão,Rafael Leão
Rafael Alexandre Conceição Leão,Rafael Leão
Raheem Sterling,Raheem Sterling
Raheem Sterling,Raheem Sterling
Raheem Sterling,Raheem Sterling
Ramin Rezaeian,Ramin Rezaeian
Ramin Rezaeian,Ramin Rezaeian
Randal Kolo Muani,Randal Kolo
Randal Kolo Muani,Randal Kolo
Randal Kolo Muani,Randal Kolo
Raphaël Adelino José Guerreiro,Raphaël Guerreiro
Raphaël Adelino José Guerreiro,Raphaël Guerreiro
Raphaël Adelino José Guerreiro,Raphaël Guerreiro
Raphaël Adelino José Guerreiro,Raphaël Guerreiro
Raphaël Varane,Raphaël Varane
Raphaël Varane,Raphaël Varane
Raphaël Varane,Raphaël Varane
Raphaël Varane,Raphaël Varane
Raphaël Varane,Raphaël Varane
Raphaël Varane,Raphaël Varane
Raphael Dias Belloli,Raphinha
Raphael Dias Belloli,Raphinha
Raphael Dias Belloli,Raphinha
Raphael Dias Belloli,Raphinha
Raphael Dias Belloli,Raphinha
Rasmus Nissen Kristensen,Rasmus Kristensen
Rasmus Nissen Kristensen,Rasmus Kristensen
Rasmus Nissen Kristensen,Rasmus Kristensen
Remo Freuler,Remo Freuler
Remo Freuler,Remo Freuler
Remo Freuler,Remo Freuler
Remo Freuler,Remo Freuler
Renato Steffen,Renato Steffen
Ricardo Jorge Luz Horta,Ricardo Horta
Ricardo Jorge Luz Horta,Ricardo Horta
Ricardo Jorge Luz Horta,Ricardo Horta
Ricardo Iván Rodríguez Araya,Ricardo Rodríguez
Ricardo Iván Rodríguez Araya,Ricardo Rodríguez
Ricardo Iván Rodríguez Araya,Ricardo Rodríguez
Ricardo Iván Rodríguez Araya,Ricardo Rodríguez
Richarlison de Andrade,Richarlison
Richarlison de Andrade,Richarlison
Richarlison de Andrade,Richarlison
Richarlison de Andrade,Richarlison
Richie Laryea,Richie Laryea
Richie Laryea,Richie Laryea
Richie Laryea,Richie Laryea
Riley McGree,Riley McGree
Riley McGree,Riley McGree
Riley McGree,Riley McGree
Riley McGree,Riley McGree
Ritsu Doan,Ritsu Doan
Ritsu Doan,Ritsu Doan
Ritsu Doan,Ritsu Doan
Ritsu Doan,Ritsu Doan
Riyadh Sharahili,Riyadh Sharahili
Roan Roberto Wilson Gordon,Roan Wilson
Robert Lewandowski,Robert Lewandowski
Robert Lewandowski,Robert Lewandowski
Robert Lewandowski,Robert Lewandowski
Robert Lewandowski,Robert Lewandowski
Robert Skov,Robert Skov
Roberto Carlos Alvarado Hernández,Roberto Alvarado
Rodrigo Hernández Cascante,Rodri
Rodrigo Hernández Cascante,Rodri
Rodrigo Hernández Cascante,Rodri
Rodrigo Hernández Cascante,Rodri
Rodrigo Bentancur Colmán,Rodrigo Bentancur
Rodrigo Bentancur Colmán,Rodrigo Bentancur
Rodrigo Bentancur Colmán,Rodrigo Bentancur
Rodrigo Javier De Paul,Rodrigo De Paul
Rodrigo Javier De Paul,Rodrigo De Paul
Rodrigo Javier De Paul,Rodrigo De Paul
Rodrigo Javier De Paul,Rodrigo De Paul
Rodrigo Javier De Paul,Rodrigo De Paul
Rodrigo Javier De Paul,Rodrigo De Paul
Rodrigo Javier De Paul,Rodrigo De Paul
Rodrygo Silva de Goes,Rodrygo
Rodrygo Silva de Goes,Rodrygo
Rodrygo Silva de Goes,Rodrygo
Rodrygo Silva de Goes,Rodrygo
Rodrygo Silva de Goes,Rodrygo
Rogelio Gabriel Funes Mori,Rogelio Funes Mori
Romain Saïss,Romain Saïss
Romain Saïss,Romain Saïss
Romain Saïss,Romain Saïss
Romain Saïss,Romain Saïss
Romain Saïss,Romain Saïss
Romain Saïss,Romain Saïss
Romario Andrés Ibarra Mina,Romario Ibarra
Romario Andrés Ibarra Mina,Romario Ibarra
Romelu Lukaku Menama,Romelu Lukaku
Romelu Lukaku Menama,Romelu Lukaku
Ronald Alberto Matarrita Ulate,Ronald Matarrita
Ronald Alberto Matarrita Ulate,Ronald Matarrita
Roozbeh Cheshmi,Roozbeh Cheshmi
Roozbeh Cheshmi,Roozbeh Cheshmi
Ruben Vargas,Ruben Vargas
Ruben Vargas,Ruben Vargas
Ruben Vargas,Ruben Vargas
Ruben Vargas,Ruben Vargas
Rubin Colwill,Rubin Colwill
Saša Lukić,Saša Lukić
Saša Lukić,Saša Lukić
Saša Lukić,Saša Lukić
Saad Abdullah Al Sheeb,Saad Al Sheeb
Sadegh Moharrami,Sadegh Moharrami
Saeid Ezatolahi Afagh,Saeid Ezatolahi
Saeid Ezatolahi Afagh,Saeid Ezatolahi
Saeid Ezatolahi Afagh,Saeid Ezatolahi
Saleh Khalid Al Shehri,Saleh Al Shehri
Saleh Khalid Al Shehri,Saleh Al Shehri
Saleh Khalid Al Shehri,Saleh Al Shehri
Salem Mohammed Al Dawsari,Salem Al Dawsari
Salem Mohammed Al Dawsari,Salem Al Dawsari
Salem Mohammed Al Dawsari,Salem Al Dawsari
Salis Abdul Samed,Salis Abdul Samed
Salis Abdul Samed,Salis Abdul Samed
Salis Abdul Samed,Salis Abdul Samed
Salman Mohammed Al Faraj,Salman Al Faraj
Sam Adekugbe,Sam Adekugbe
Sam Adekugbe,Sam Adekugbe
Sam Adekugbe,Sam Adekugbe
Saman Ghoddos,Saman Ghoddos
Sami Khalil Al Naji,Sami Al Naji
Samuel Yves Oum Gwet,Samuel Gouet
Samuel Yves Oum Gwet,Samuel Gouet
Sang-Ho Na,Sang-Ho Na
Sang-Ho Na,Sang-Ho Na
Sardar Azmoun,Sardar Azmoun
Sardar Azmoun,Sardar Azmoun
Sardar Azmoun,Sardar Azmoun
Saud Abdullah Abdul Hamid,Saud Abdul Hamid
Saud Abdullah Abdul Hamid,Saud Abdul Hamid
Saud Abdullah Abdul Hamid,Saud Abdul Hamid
Sebastián Coates Nión,Sebastián Coates
Sebastián Coates Nión,Sebastián Coates
Sebastian Szymański,Sebastian Szymański
Sebastian Szymański,Sebastian Szymański
Selim Amallah,Selim Amallah
Selim Amallah,Selim Amallah
Selim Amallah,Selim Amallah
Selim Amallah,Selim Amallah
Selim Amallah,Selim Amallah
Selim Amallah,Selim Amallah
Selim Amallah,Selim Amallah
Serge Gnabry,Serge Gnabry
Serge Gnabry,Serge Gnabry
Serge Gnabry,Serge Gnabry
Sergej Milinković-Savić,Sergej Milinković-Savić
Sergej Milinković-Savić,Sergej Milinković-Savić
Sergej Milinković-Savić,Sergej Milinković-Savić
Sergino Dest,Sergiño Dest
Sergino Dest,Sergiño Dest
Sergino Dest,Sergiño Dest
Sergino Dest,Sergiño Dest
Sergio Busquets i Burgos,Sergio Busquets
Sergio Busquets i Burgos,Sergio Busquets
Sergio Busquets i Burgos,Sergio Busquets
Sergio Busquets i Burgos,Sergio Busquets
Sergio Rochet Álvarez,Sergio Rochet
Sergio Rochet Álvarez,Sergio Rochet
Sergio Rochet Álvarez,Sergio Rochet
Seung-Gyu Kim,Seung-Gyu Kim
Seung-Gyu Kim,Seung-Gyu Kim
Seung-Gyu Kim,Seung-Gyu Kim
Seung-Gyu Kim,Seung-Gyu Kim
Seung-Ho Paik,Seung-Ho Paik
Seyed Hossein Hosseini,Seyed Hossein Hosseini
Seyed Hossein Hosseini,Seyed Hossein Hosseini
Shūichi Gonda,Shūichi Gonda
Shūichi Gonda,Shūichi Gonda
Shūichi Gonda,Shūichi Gonda
Shūichi Gonda,Shūichi Gonda
Shaquell Moore,Shaq Moore
Shaquell Moore,Shaq Moore
Shogo Taniguchi,Shogo Taniguchi
Shogo Taniguchi,Shogo Taniguchi
Silvan Widmer,Silvan Widmer
Silvan Widmer,Silvan Widmer
Silvan Widmer,Silvan Widmer
Simon Thorup Kjær,Simon Kjær
Sofiane Boufal,Sofiane Boufal
Sofiane Boufal,Sofiane Boufal
Sofiane Boufal,Sofiane Boufal
Sofiane Boufal,Sofiane Boufal
Sofiane Boufal,Sofiane Boufal
Sofiane Boufal,Sofiane Boufal
Sofiane Boufal,Sofiane Boufal
Sofyan Amrabat,Sofyan Amrabat
Sofyan Amrabat,Sofyan Amrabat
Sofyan Amrabat,Sofyan Amrabat
Sofyan Amrabat,Sofyan Amrabat
Sofyan Amrabat,Sofyan Amrabat
Sofyan Amrabat,Sofyan Amrabat
Sofyan Amrabat,Sofyan Amrabat
Sorba Thomas,Sorba Thomas
Srđan Babić,Srđan Babić
Stefan Mitrović,Stefan Mitrović
Stephen Antunes Eustáquio,Stephen Antunes Eustáquio
Stephen Antunes Eustáquio,Stephen Antunes Eustáquio
Steve Mandanda,Steve Mandanda
Steven Berghuis,Steven Berghuis
Steven Berghuis,Steven Berghuis
Steven Berghuis,Steven Berghuis
Steven Berghuis,Steven Berghuis
Steven Bergwijn,Steven Bergwijn
Steven Bergwijn,Steven Bergwijn
Steven Bergwijn,Steven Bergwijn
Steven Bergwijn,Steven Bergwijn
Steven de Sousa Vitoria,Steven Vitória
Steven de Sousa Vitoria,Steven Vitória
Steven de Sousa Vitoria,Steven Vitória
Strahinja Pavlović,Strahinja Pavlović
Strahinja Pavlović,Strahinja Pavlović
Strahinja Pavlović,Strahinja Pavlović
Sultan Abdullah Salim Al Ghannam,Sultan Al Ghanam
Sultan Abdullah Salim Al Ghannam,Sultan Al Ghanam
Sultan Abdullah Salim Al Ghannam,Sultan Al Ghanam
Taha Yassine Khenissi,Taha Yassine Khenissi
Taha Yassine Khenissi,Taha Yassine Khenissi
Tajon Buchanan,Tajon Buchanan
Tajon Buchanan,Tajon Buchanan
Tajon Buchanan,Tajon Buchanan
Takefusa Kubo,Takefusa Kubo
Takefusa Kubo,Takefusa Kubo
Takehiro Tomiyasu,Takehiro Tomiyasu
Takehiro Tomiyasu,Takehiro Tomiyasu
Takehiro Tomiyasu,Takehiro Tomiyasu
Takuma Asano,Takuma Asano
Takuma Asano,Takuma Asano
Takuma Asano,Takuma Asano
Takuma Asano,Takuma Asano
Takumi Minamino,Takumi Minamino
Takumi Minamino,Takumi Minamino
Takumi Minamino,Takumi Minamino
Tarek Salman Salman,Tarek Salman
Tariq Lamptey,Tariq Lamptey
Tariq Lamptey,Tariq Lamptey
Teun Koopmeiners,Teun Koopmeiners
Teun Koopmeiners,Teun Koopmeiners
Teun Koopmeiners,Teun Koopmeiners
Teun Koopmeiners,Teun Koopmeiners
Teun Koopmeiners,Teun Koopmeiners
Theo Bernard François Hernández,Theo Hernández
Theo Bernard François Hernández,Theo Hernández
Theo Bernard François Hernández,Theo Hernández
Theo Bernard François Hernández,Theo Hernández
Theo Bernard François Hernández,Theo Hernández
Theo Bernard François Hernández,Theo Hernández
Thiago Ezequiel Almada,Thiago Almada
Thiago Emiliano da Silva,Thiago Silva
Thiago Emiliano da Silva,Thiago Silva
Thiago Emiliano da Silva,Thiago Silva
Thiago Emiliano da Silva,Thiago Silva
Thibaut Courtois,Thibaut Courtois
Thibaut Courtois,Thibaut Courtois
Thibaut Courtois,Thibaut Courtois
Thilo Kehrer,Thilo Kehrer
Thomas Delaney,Thomas Delaney
Thomas Müller,Thomas Müller
Thomas Müller,Thomas Müller
Thomas Müller,Thomas Müller
Thomas Meunier,Thomas Meunier
Thomas Meunier,Thomas Meunier
Thomas Meunier,Thomas Meunier
Thomas Teye Partey,Thomas Partey
Thomas Teye Partey,Thomas Partey
Thomas Teye Partey,Thomas Partey
Thorgan Hazard,Thorgan Hazard
Thorgan Hazard,Thorgan Hazard
Tim Ream,Tim Ream
Tim Ream,Tim Ream
Tim Ream,Tim Ream
Tim Ream,Tim Ream
Timothy Castagne,Timothy Castagne
Timothy Castagne,Timothy Castagne
Timothy Castagne,Timothy Castagne
Timothy Weah,Timothy Weah
Timothy Weah,Timothy Weah
Timothy Weah,Timothy Weah
Timothy Weah,Timothy Weah
Toby Alderweireld,Toby Alderweireld
Toby Alderweireld,Toby Alderweireld
Toby Alderweireld,Toby Alderweireld
Trent Alexander-Arnold,Trent Alexander-Arnold
Tyler Adams,Tyler Adams
Tyler Adams,Tyler Adams
Tyler Adams,Tyler Adams
Tyler Adams,Tyler Adams
Ui-Jo Hwang,Ui-Jo Hwang
Ui-Jo Hwang,Ui-Jo Hwang
Ui-Jo Hwang,Ui-Jo Hwang
Unai Simón Mendibil,Unai Simón
Unai Simón Mendibil,Unai Simón
Unai Simón Mendibil,Unai Simón
Unai Simón Mendibil,Unai Simón
Carlos Uriel Antuna Romero,Uriel Antuna
Carlos Uriel Antuna Romero,Uriel Antuna
Carlos Uriel Antuna Romero,Uriel Antuna
Vanja Milinković Savić,Vanja Milinković Savić
Vanja Milinković Savić,Vanja Milinković Savić
Vanja Milinković Savić,Vanja Milinković Savić
Victor Nelsson,Victor Nelsson
Vinícius José Paixão de Oliveira Júnior,Vinícius Júnior
Vinícius José Paixão de Oliveira Júnior,Vinícius Júnior
Vinícius José Paixão de Oliveira Júnior,Vinícius Júnior
Vinícius José Paixão de Oliveira Júnior,Vinícius Júnior
Vincent Paté Aboubakar,Vincent Aboubakar
Vincent Paté Aboubakar,Vincent Aboubakar
Vincent Paté Aboubakar,Vincent Aboubakar
Vincent Janssen,Vincent Janssen
Vincent Janssen,Vincent Janssen
Virgil van Dijk,Virgil van Dijk
Virgil van Dijk,Virgil van Dijk
Virgil van Dijk,Virgil van Dijk
Virgil van Dijk,Virgil van Dijk
Virgil van Dijk,Virgil van Dijk
Vitor Machado Ferreira,Vitinha
Vitor Machado Ferreira,Vitinha
Vitor Machado Ferreira,Vitinha
Weverton Pereira da Silva,Wéverton
Wahbi Khazri,Wahbi Khazri
Wahbi Khazri,Wahbi Khazri
Wajdi Kechrida,Wajdi Kechrida
Wajdi Kechrida,Wajdi Kechrida
Wajdi Kechrida,Wajdi Kechrida
Walid Cheddira,Walid Cheddira
Walid Cheddira,Walid Cheddira
Walker Zimmerman,Walker Zimmerman
Walker Zimmerman,Walker Zimmerman
Walker Zimmerman,Walker Zimmerman
Walker Zimmerman,Walker Zimmerman
Wataru Endo,Wataru Endo
Wataru Endo,Wataru Endo
Wataru Endo,Wataru Endo
Wayne Hennessey,Wayne Hennessey
Wayne Hennessey,Wayne Hennessey
Weston McKennie,Weston McKennie
Weston McKennie,Weston McKennie
Weston McKennie,Weston McKennie
Weston McKennie,Weston McKennie
William Silva de Carvalho,William Carvalho
William Silva de Carvalho,William Carvalho
William Silva de Carvalho,William Carvalho
William Silva de Carvalho,William Carvalho
William Saliba,William Saliba
Wojciech Szczęsny,Wojciech Szczęsny
Wojciech Szczęsny,Wojciech Szczęsny
Wojciech Szczęsny,Wojciech Szczęsny
Wojciech Szczęsny,Wojciech Szczęsny
Woo-Yeong Jeong,Woo-Yeong Jeong
Woo-Young Jung,Woo-Young Jung
Woo-Young Jung,Woo-Young Jung
Woo-Young Jung,Woo-Young Jung
Woo-Young Jung,Woo-Young Jung
Wout Weghorst,Wout Weghorst
Wout Weghorst,Wout Weghorst
Wout Weghorst,Wout Weghorst
Wout Weghorst,Wout Weghorst
Xavi Simons,Xavi Simons
Xherdan Shaqiri,Xherdan Shaqiri
Xherdan Shaqiri,Xherdan Shaqiri
Xherdan Shaqiri,Xherdan Shaqiri
Yahia Attiyat allah,Yahia Attiyat allah
Yahia Attiyat allah,Yahia Attiyat allah
Yahia Attiyat allah,Yahia Attiyat allah
Yahia Attiyat allah,Yahia Attiyat allah
Yahia Attiyat allah,Yahia Attiyat allah
Yahia Attiyat allah,Yahia Attiyat allah
Yahya Jabrane,Yahya Jabrane
Yann Sommer,Yann Sommer
Yann Sommer,Yann Sommer
Yann Sommer,Yann Sommer
Yannick Ferreira Carrasco,Yannick Carrasco
Yannick Ferreira Carrasco,Yannick Carrasco
Yasir Gharsan Al Shahrani,Yasir Al Shahrani
Yassine Meriah,Yassine Meriah
Yassine Meriah,Yassine Meriah
Yassine Meriah,Yassine Meriah
Yeltsin Ignacio Tejeda Valverde,Yeltsin Tejeda
Yeltsin Ignacio Tejeda Valverde,Yeltsin Tejeda
Yeltsin Ignacio Tejeda Valverde,Yeltsin Tejeda
Young-Gwon Kim,Young-Gwon Kim
Young-Gwon Kim,Young-Gwon Kim
Young-Gwon Kim,Young-Gwon Kim
Young-Gwon Kim,Young-Gwon Kim
Youri Tielemans,Youri Tielemans
Youri Tielemans,Youri Tielemans
Youri Tielemans,Youri Tielemans
Youssef En-Nesyri,Youssef En-Nesyri
Youssef En-Nesyri,Youssef En-Nesyri
Youssef En-Nesyri,Youssef En-Nesyri
Youssef En-Nesyri,Youssef En-Nesyri
Youssef En-Nesyri,Youssef En-Nesyri
Youssef En-Nesyri,Youssef En-Nesyri
Youssef En-Nesyri,Youssef En-Nesyri
Youssef Msakni,Youssef Msakni
Youssef Msakni,Youssef Msakni
Youssouf Fofana,Youssouf Fofana
Youssouf Fofana,Youssouf Fofana
Youssouf Fofana,Youssouf Fofana
Youssouf Fofana,Youssouf Fofana
Youssouf Fofana,Youssouf Fofana
Youssouf Fofana,Youssouf Fofana
Youssouf Sabaly,Youssouf Sabaly
Youssouf Sabaly,Youssouf Sabaly
Youssouf Sabaly,Youssouf Sabaly
Youssouf Sabaly,Youssouf Sabaly
Youssoufa Moukoko,Youssoufa Moukoko
Youstin Delfin Salas Gómez,Youstin Salas
Yuki Soma,Yuki Soma
Yunus Dimoara Musah,Yunus Dimoara Musah
Yunus Dimoara Musah,Yunus Dimoara Musah
Yunus Dimoara Musah,Yunus Dimoara Musah
Yunus Dimoara Musah,Yunus Dimoara Musah
Yuto Nagatomo,Yuto Nagatomo
Yuto Nagatomo,Yuto Nagatomo
Yuto Nagatomo,Yuto Nagatomo
Yuto Nagatomo,Yuto Nagatomo
Zakaria Aboukhlal,Zakaria Aboukhlal
Zakaria Aboukhlal,Zakaria Aboukhlal
Zakaria Aboukhlal,Zakaria Aboukhlal
Zakaria Aboukhlal,Zakaria Aboukhlal