player_name,team,mins_played
Nicolás Hernán Otamendi,Argentina,739
Lionel Andrés Messi Cuccittini,Argentina,739
Damián Emiliano Martínez,Argentina,739
Dominik Livaković,Croatia,725
Joško Gvardiol,Croatia,725
Ivan Perišić,Croatia,707
Sofyan Amrabat,Morocco,698
Luka Modrić,Croatia,673
Hakim Ziyech,Morocco,662
Achraf Hakimi Mouh,Morocco,660
Aurélien Djani Tchouaméni,France,660
Kylian Mbappé Lottin,France,653
Mateo Kovačić,Croatia,647
Rodrigo Javier De Paul,Argentina,631
Dejan Lovren,Croatia,629
Josip Juranović,Croatia,629
Nahuel Molina Lucero,Argentina,614
Hugo Lloris,France,613
Enzo Fernandez,Argentina,607
Yassine Bounou,Morocco,603
Azzedine Ounahi,Morocco,592
Antoine Griezmann,France,583
Cristian Gabriel Romero,Argentina,576
Marcelo Brozović,Croatia,571
Alexis Mac Allister,Argentina,556
Raphaël Varane,France,554
Youssef En-Nesyri,Morocco,550
Theo Bernard François Hernández,France,546
Adrien Rabiot,France,528
Dayotchanculle Upamecano,France,518
Jules Koundé,France,517
Virgil van Dijk,Netherlands,515
Denzel Dumfries,Netherlands,515
Andries Noppert,Netherlands,515
Nathan Aké,Netherlands,511
Frenkie de Jong,Netherlands,504
Diogo Meireles Costa,Portugal,488
Romain Saïss,Morocco,485
Jordan Pickford,England,485
Julián Álvarez,Argentina,482
Andrej Kramarić,Croatia,474
Sofiane Boufal,Morocco,473
Cody Mathès Gakpo,Netherlands,472
John Stones,England,464
Marcos Aoás Corrêa,Brazil,456
Luke Shaw,England,455
Daley Blind,Netherlands,452
Harry Maguire,England,452
Declan Rice,England,448
Ousmane Dembélé,France,445
Jude Bellingham,England,440
Borna Sosa,Croatia,439
Olivier Giroud,France,429
Selim Amallah,Morocco,422
Harry Kane,England,420
Jurriën David Norman Timber,Netherlands,415
Rodrigo Hernández Cascante,Spain,415
Unai Simón Mendibil,Spain,415
Maya Yoshida,Japan,415
Shūichi Gonda,Japan,415
Thiago Emiliano da Silva,Brazil,410
Carlos Henrique Casimiro,Brazil,410
Alisson Ramsés Becker,Brazil,396
Rúben Santos Gato Alves Dias,Portugal,392
Kamil Glik,Poland,389
Matty Cash,Poland,389
Robert Lewandowski,Poland,389
Wojciech Szczęsny,Poland,389
Matthew Charles Turner,United States,389
Tyler Adams,United States,389
Tim Ream,United States,389
Kléper Laveran Lima Ferreira,Portugal,388
Daniel Olmo Carvajal,Spain,387
Mathew Ryan,Australia,386
Aaron Mooy,Australia,386
Aziz Eraltay Behich,Australia,386
Harry Souttar,Australia,386
Kye Rowles,Australia,386
Youssouf Sabaly,Senegal,386
Kalidou Koulibaly,Senegal,386
Edouard Mendy,Senegal,386
Heung-Min Son,South Korea,386
Seung-Gyu Kim,South Korea,386
Moon-Hwan Kim,South Korea,386
Granit Xhaka,Switzerland,385
Manuel Obafemi Akanji,Switzerland,385
Bruno Miguel Borges Fernandes,Portugal,384
Antonee Robinson,United States,384
Éder Gabriel Militão,Brazil,382
Bernardo Mota Veiga de Carvalho e Silva,Portugal,380
Sergio Busquets i Burgos,Spain,380
Ricardo Iván Rodríguez Araya,Switzerland,378
Jakub Piotr Kiwior,Poland,376
Noussair Mazraoui,Morocco,374
Jackson Irvine,Australia,373
Pedro González López,Spain,373
Young-Gwon Kim,South Korea,370
Nayef Aguerd,Morocco,368
Bartosz Bereszyński,Poland,365
Nicolás Alejandro Tagliafico,Argentina,364
Ismaïla Sarr,Senegal,363
Yunus Dimoara Musah,United States,363
Marcos Javier Acuña,Argentina,358
In-Beom Hwang,South Korea,357
Lisandro Martínez,Argentina,350
Junya Ito,Japan,349
Abdou Diallo,Senegal,347
Grzegorz Krychowiak,Poland,346
Remo Freuler,Switzerland,344
João Pedro Cavaco Cancelo,Portugal,344
Piotr Zieliński,Poland,344
Mathew Leckie,Australia,340
João Félix Sequeira,Portugal,339
Jin-Su Kim,South Korea,338
Lucas Tolentino Coelho de Lima,Brazil,337
Daichi Kamada,Japan,335
Christian Pulisic,United States,335
Ibrahima Konaté,France,331
Boulaye Dia,Senegal,329
Wataru Endo,Japan,329
Breel-Donald Embolo,Switzerland,328
Raphael Dias Belloli,Brazil,328
Richarlison de Andrade,Brazil,326
Aymeric Laporte,Spain,318
Hidemasa Morita,Japan,317
Woo-Young Jung,South Korea,316
Timothy Weah,United States,316
Yahia Attiyat allah,Morocco,315
Memphis Depay,Netherlands,314
Ángel Fabián Di María Hernández,Argentina,308
Walker Zimmerman,United States,308
Sergino Dest,United States,306
Vinícius José Paixão de Oliveira Júnior,Brazil,304
Morteza Pouraliganji,Iran,304
Mehdi Taremi,Iran,304
Seyed Majid Hosseini,Iran,304
Cristiano Ronaldo dos Santos Aveiro,Portugal,303
Raphaël Adelino José Guerreiro,Portugal,303
Jawad El Yamiq,Morocco,300
Daniel Amartey,Ghana,300
Thomas Teye Partey,Ghana,300
Lawrence Ati-Zigi,Ghana,300
Mohamed Salisu,Ghana,300
José María Giménez de Vargas,Uruguay,297
Federico Santiago Valverde Dipetta,Uruguay,297
Sergio Rochet Álvarez,Uruguay,297
Salem Mohammed Al Dawsari,Saudi Arabia,297
Mohammed Kanoo,Saudi Arabia,297
Mohammed Khalil Al Owais,Saudi Arabia,297
Saud Abdullah Abdul Hamid,Saudi Arabia,297
Chris Mepham,Wales,296
Joe Rodon,Wales,296
Ellyes Joris Skhiri,Tunisia,295
Yassine Meriah,Tunisia,295
Montassar Omar Talbi,Tunisia,295
Aymen Dahmen,Tunisia,295
Gue-Sung Cho,South Korea,295
Mario Pašalić,Croatia,295
Ismail Jakobs,Senegal,294
Keylor Navas Gamboa,Costa Rica,294
Óscar Esau Duarte Gaitán,Costa Rica,294
Nikola Milenković,Serbia,293
Vanja Milinković Savić,Serbia,293
Danilo Luiz da Silva,Brazil,293
Nampalys Mendy,Senegal,293
Antonio Rüdiger,Germany,293
Manuel Neuer,Germany,293
Joshua Kimmich,Germany,293
Idrissa Gana Gueye,Senegal,292
Pablo Martín Páez Gavira,Spain,292
Nouhou Tolo,Cameroon,292
Ngoran Suiru Fai Collins,Cameroon,292
Joel Nathaniel Campbell Samuels,Costa Rica,292
Ko Itakura,Japan,291
Christian Dannemann Eriksen,Denmark,290
Pierre-Emile Højbjerg,Denmark,290
Kasper Schmeichel,Denmark,290
Andreas Christensen,Denmark,290
Joachim Andersen,Denmark,290
Héctor Alfredo Moreno Herrera,Mexico,290
Jesús Daniel Gallardo Vasconcelos,Mexico,290
Francisco Guillermo Ochoa Magaña,Mexico,290
César Jasib Montes Castro,Mexico,290
Luis Gerardo Chávez Magallón,Mexico,290
Bukayo Saka,England,289
Pervis Josué Estupiñán Tenorio,Ecuador,287
Felix Eduardo Torres Caicedo,Ecuador,287
Hernán Ismael Galíndez,Ecuador,287
Piero Martín Hincapié Reyna,Ecuador,287
Akram Hassan Afif,Qatar,287
Boualem Khoukhi,Qatar,287
Abdelkarim Hassan Al Haj Fadlalla,Qatar,287
Niklas Süle,Germany,286
Yeltsin Ignacio Tejeda Valverde,Costa Rica,286
Yann Sommer,Switzerland,285
Ruben Vargas,Switzerland,284
Neymar da Silva Santos Junior,Brazil,284
Steven de Sousa Vitoria,Canada,284
Alphonso Davies,Canada,284
Milan Borjan,Canada,284
Kamal Miller,Canada,284
Alistair Johnston,Canada,284
Jan Vertonghen,Belgium,283
Kevin De Bruyne,Belgium,283
Thibaut Courtois,Belgium,283
Axel Witsel,Belgium,283
Timothy Castagne,Belgium,283
Toby Alderweireld,Belgium,283
Firas Tariq Nasser Al Albirakan,Saudi Arabia,282
Silvan Widmer,Switzerland,281
Moisés Isaac Caicedo Corozo,Ecuador,281
Min Jae Kim,South Korea,281
Gonzalo Jordy Plata Jiménez,Ecuador,280
Aaron Ramsey,Wales,280
Jordan Brian Henderson,England,279
Aleksandar Mitrović,Serbia,278
André-Frank Zambo Anguissa,Cameroon,276
Angelo Smit Preciado Quiñónez,Ecuador,275
Philip Foden,England,275
Pedro Miguel Correia,Qatar,273
Homam Alamin Ahmed,Qatar,273
Serge Gnabry,Germany,273
Jamal Musiala,Germany,273
Rúben Diogo Da Silva Neves,Portugal,272
Weston McKennie,United States,271
Iñaki Williams Arthuer,Ghana,271
Dušan Tadić,Serbia,270
Mitchell Thomas Duke,Australia,270
Jordi Alba Ramos,Spain,270
Jean-Eric Maxim Choupo-Moting,Cameroon,269
Bryan Oviedo,Costa Rica,269
Tajon Buchanan,Canada,269
José Diogo Dalot Teixeira,Portugal,268
Keysher Fuller Spence,Costa Rica,267
Hirving Rodrigo Lozano Bahena,Mexico,266
Riley McGree,Australia,265
Djibril Sow,Switzerland,264
Ethan Ampadu,Wales,264
Joakim Mæhle,Denmark,263
Mathías Olivera Miramontes,Uruguay,263
Salis Abdul Samed,Ghana,263
Saša Lukić,Serbia,261
Enner Remberto Valencia Lastra,Ecuador,260
Ben Davies,Wales,260
Celso Borges Mora,Costa Rica,259
Marko Livaja,Croatia,258
Youssouf Fofana,France,257
Aïssa Bilal Laïdouni,Tunisia,255
Przemysław Frankowski,Poland,254
Mohammed Kudus,Ghana,254
Jakub Kamiński,Poland,253
Strahinja Pavlović,Serbia,252
Kieffer Roberto Francisco Moore,Wales,251
Kyle Walker,England,250
David Raum,Germany,249
Kendall Jamaal Waston Manley,Costa Rica,249
Ehsan Hajsafi,Iran,249
Lautaro Javier Martínez,Argentina,248
Teun Koopmeiners,Netherlands,248
Darwin Gabriel Núñez Ribeiro,Uruguay,247
Gareth Frank Bale,Wales,247
Sergej Milinković-Savić,Serbia,241
Craig Goodwin,Australia,241
Krystian Bielik,Poland,239
Saeid Ezatolahi Afagh,Iran,239
William Silva de Carvalho,Portugal,236
Ali Albulayhi,Saudi Arabia,236
Marco Asensio Willemsen,Spain,236
Xherdan Shaqiri,Switzerland,233
Rasmus Nissen Kristensen,Denmark,233
Ritsu Doan,Japan,232
Almoez Ali Zainalabiddin Abdulla,Qatar,231
Rodrigo Bentancur Colmán,Uruguay,230
Milos Veljkovic,Serbia,228
Kieran Trippier,England,227
Michael Steveen Estrada Martínez,Ecuador,225
Ferrán Torres García,Spain,225
Saleh Khalid Al Shehri,Saudi Arabia,223
Bryan Mbeumo,Cameroon,223
Ahmad Nourollahi,Iran,223
Shogo Taniguchi,Japan,221
Bruno Petković,Croatia,220
Steven Berghuis,Netherlands,219
Steven Bergwijn,Netherlands,219
Thomas Meunier,Belgium,216
Connor Roberts,Wales,215
Neco Williams,Wales,215
Jesper Lindstrøm,Denmark,213
Ali Abdi,Tunisia,213
Abdul Rahman Baba,Ghana,213
Jae-Sung Lee,South Korea,211
Milad Mohammadi,Iran,211
Andrija Živković,Serbia,210
Guillermo Varela Olivera,Uruguay,210
Abdulelah Al Amri,Saudi Arabia,210
Yuto Nagatomo,Japan,209
Ali Gholizadeh,Iran,209
Hassan Khalid Al Heidos,Qatar,208
Kingsley Coman,France,207
Abdulaziz Hatem Mohammed Abdullah,Qatar,207
Takehiro Tomiyasu,Japan,206
Matías Vecino Falero,Uruguay,205
Mason Mount,England,205
Randal Kolo Muani,France,204
Álvaro Borja Morata Martín,Spain,203
Miloš Degenek,Australia,202
Alex Sandro Lobo Silva,Brazil,202
Wayne Hennessey,Wales,202
Jonathan David,Canada,201
Ramin Rezaeian,Iran,201
Davy Klaassen,Netherlands,200
Sebastián Coates Nión,Uruguay,200
Achraf Dari,Morocco,200
Hassan Mohammed Al-Tambakti,Saudi Arabia,200
Thomas Müller,Germany,200
André Ayew Pelé,Ghana,198
Leandro Daniel Paredes,Argentina,196
Marten de Roon,Netherlands,196
Otávio Edmilson da Silva Monteiro,Portugal,196
Karim Boudiaf,Qatar,196
Nikola Vlašić,Croatia,196
Devis Rogers Epassy Mboka,Cameroon,196
Issam Jebali,Tunisia,195
Francisco Javier Calvo Quesada,Costa Rica,194
Ernesto Alexis Vega Rojas,Mexico,193
Mislav Oršić,Croatia,193
Sardar Azmoun,Iran,193
Meshaal Aissa Barsham,Qatar,192
Jean-Charles Castelletto,Cameroon,192
Nicolas Alexis Julio N'Koulou Ndoubena,Cameroon,192
Facundo Pellistri Rebollo,Uruguay,191
Nico Elvedi,Switzerland,191
Jhegson Sebastián Méndez Carabalí,Ecuador,191
Filip Kostić,Serbia,190
Takuma Asano,Japan,190
Kaoru Mitoma,Japan,190
İlkay Gündoğan,Germany,189
Abdulelah Saad Hameed Al-Malki,Saudi Arabia,187
Seyed Hossein Hosseini,Iran,186
Marcus Thuram,France,184
Edson Omar Álvarez Velázquez,Mexico,182
Jorge Eduardo Sánchez Ramos,Mexico,182
Krépin Diatta,Senegal,181
Ismaeel Mohammad Mohammad,Qatar,180
Daizen Maeda,Japan,180
Karl Brillant Toko Ekambi,Cameroon,176
Youssef Msakni,Tunisia,175
Ao Tanaka,Japan,175
Pape Gueye,Senegal,172
Gonçalo Matias Ramos,Portugal,171
Marcus Rashford,England,171
Leon Goretzka,Germany,171
Dylan Daniel Mahmoud Bronn,Tunisia,169
Kang-In Lee,South Korea,168
Daniel James,Wales,167
David Junior Hoilett,Canada,167
Héctor Miguel Herrera López,Mexico,166
Nicholas Williams Arthuer,Spain,166
Leander Dendoncker,Belgium,166
Harry Wilson,Wales,166
Edimilson Fernandes,Switzerland,165
Vincent Paté Aboubakar,Cameroon,165
Alidu Seidu,Ghana,165
Atiba Hutchinson,Canada,163
Mikkel Damsgaard,Denmark,162
Haji Wright,United States,162
Richie Laryea,Canada,162
Joshua Sargent,United States,161
Rodrygo Silva de Goes,Brazil,159
Assim Omer Al Haj Madibo,Qatar,159
Lovro Majer,Croatia,159
Raheem Sterling,England,159
Diego Roberto Godín Leal,Uruguay,158
Abdelhamid Sabiri,Morocco,158
Eduardo Camavinga,France,157
Luis Alberto Suárez Díaz,Uruguay,156
Frederico Rodrigues Santos,Brazil,154
Pathé Ismaël Ciss,Senegal,151
Michy Batshuayi Tunga,Belgium,151
Anis Ben Slimane,Tunisia,148
Daniel Carvajal Ramos,Spain,147
Sultan Abdullah Salim Al Ghannam,Saudi Arabia,146
Henry Josué Martín Mex,Mexico,146
Jordan Ayew,Ghana,146
Fabian Lukas Schär,Switzerland,145
Nemanja Maksimović,Serbia,145
Alejandro Balde Martínez,Spain,145
César Azpilicueta Tanco,Spain,143
Iliman Ndiaye,Senegal,142
Cyle Larin,Canada,142
Edinson Roberto Cavani Gómez,Uruguay,141
Antony Matheus dos Santos,Brazil,139
Ricardo Jorge Luz Horta,Portugal,138
Brenden Aaronson,United States,137
Wajdi Kechrida,Tunisia,136
Sebastian Szymański,Poland,134
Pierre Kunde Malong,Cameroon,134
Keanu Baccus,Australia,133
Gabriel Teodoro Martinelli Silva,Brazil,133
Andreas Skov Olsen,Denmark,132
Mohamed Dräger,Tunisia,132
Vitor Machado Ferreira,Portugal,132
Anthony Daniel Contreras Enríquez,Costa Rica,132
Daniel Alves da Silva,Brazil,131
Jonathan Osorio,Canada,131
Sang-Ho Na,South Korea,129
Kasper Dolberg,Denmark,127
Naïm Sliti,Tunisia,127
Eden Hazard,Belgium,127
Cheikh Ahmadou Bamba Mbacke Dieng,Senegal,126
Rafael Alexandre Conceição Leão,Portugal,126
Leroy Sané,Germany,126
Gonzalo Ariel Montiel,Argentina,125
Marcos Llorente Moreno,Spain,125
Stephen Antunes Eustáquio,Canada,125
Hee-Chan Hwang,South Korea,124
Ui-Jo Hwang,South Korea,124
Borna Barišić,Croatia,124
Hiroki Sakai,Japan,124
Gleison Bremer Silva Nascimento,Brazil,122
Pape Abou Cissé,Senegal,122
Ismael Koné,Canada,122
Martin Hongla Yma II,Cameroon,121
Jewison Bennette,Costa Rica,119
Ali Karimi,Iran,119
Giorgian Daniel De Arrascaeta Benedetti,Uruguay,118
Alireza Safar Beiranvand,Iran,118
Brennan Johnson,Wales,117
Arkadiusz Milik,Poland,116
Yannick Ferreira Carrasco,Belgium,116
Axel Disasi,France,115
Kai Havertz,Germany,113
Leandro Trossard,Belgium,113
Jack Grealish,England,112
Samuel Yves Oum Gwet,Cameroon,112
Tariq Lamptey,Ghana,112
Martin Braithwaite Christensen,Denmark,110
Danny Ward,Wales,110
Thorgan Hazard,Belgium,109
Amadou Onana,Belgium,109
Alexander Djiku,Ghana,109
Jackson Gabriel Porozo Vernaza,Ecuador,108
Alejandro Darío Gómez,Argentina,107
Nico Schlotterbeck,Germany,107
Joe Allen,Wales,106
Sam Adekugbe,Canada,106
Andreas Evald Cornelius,Denmark,105
Gabriel Fernando de Jesus,Brazil,105
Kyung-Won Kwon,South Korea,105
Carlos Soler Barragán,Spain,105
Matthijs de Ligt,Netherlands,104
Brandon Aguilera Zamora,Costa Rica,104
Youri Tielemans,Belgium,103
Sadegh Moharrami,Iran,103
Nemanja Gudelj,Serbia,102
Ali Maâloul,Tunisia,102
Nader Ghandri,Tunisia,102
Jeremy Leonel Sarmiento Morante,Ecuador,102
Steve Mandanda,France,102
Gregor Kobel,Switzerland,100
Fran Karačić,Australia,100
Ederson Santana de Moraes,Brazil,100
Fábio Henrique Tavares,Brazil,100
Zakaria Aboukhlal,Morocco,100
Enzo Ebosse,Cameroon,100
Nicolas Moumi Ngamaleu,Cameroon,100
Christopher Wooh,Cameroon,100
Juan Pablo Vargas Campos,Costa Rica,100
Danilo Luís Hélio Pereira,Portugal,100
Cameron Carter-Vickers,United States,99
Yasir Gharsan Al Shahrani,Saudi Arabia,98
Victor Nelsson,Denmark,97
José Martín Cáceres Silva,Uruguay,97
Carlos Uriel Antuna Romero,Mexico,97
Pau Francisco Torres,Spain,97
Lucas Hernández Pi,France,97
Mehdi Torabi,Iran,97
Famara Diedhiou,Senegal,96
António João Pereira Albuquerque Tavares Silva,Portugal,96
Néstor Alejandro Araújo Razo,Mexico,96
Josip Šutalo,Croatia,96
Josip Stanišić,Croatia,96
André Onana,Cameroon,96
Munir Mohand Mohamedi,Morocco,95
Saad Abdullah Al Sheeb,Qatar,95
Bassam Hisham Al Rawi,Qatar,95
João Mário Naval da Costa Eduardo,Portugal,94
Niclas Füllkrug,Germany,93
Mathias Jensen,Denmark,92
Vincent Janssen,Netherlands,92
Takefusa Kubo,Japan,90
Wahbi Khazri,Tunisia,89
Nawaf Shaker Al Abid,Saudi Arabia,89
Jun-Ho Son,South Korea,88
Abderrazak Hamdallah,Morocco,88
Benjamin Pavard,France,88
Haris Seferović,Switzerland,87
Gideon Mensah,Ghana,87
Dušan Vlahović,Serbia,86
Wout Weghorst,Netherlands,86
Nathaniel Atkinson,Australia,84
Bruno Guimarães Rodriguez Moura,Brazil,84
Nemanja Radonjić,Serbia,83
Matheus Luiz Nunes,Portugal,82
Ajdin Hrustic,Australia,81
Yuki Soma,Japan,81
Lukas Klostermann,Germany,81
Dries Mertens,Belgium,81
Osman Bukari,Ghana,80
Raúl Alonso Jiménez Rodríguez,Mexico,79
Ante Budimir,Croatia,79
Mattéo Guendouzi Olié,France,78
Mohammed Muntari,Qatar,78
Takumi Minamino,Japan,78
Kamaldeen Sulemana,Ghana,78
Kevin Nahin Álvarez Campos,Mexico,77
Orbelín Pineda Alvarado,Mexico,76
Fabian Rieder,Switzerland,74
Jamie MacLaren,Australia,74
Romario Andrés Ibarra Mina,Ecuador,74
Nicola Zalewski,Poland,74
Denis Lemi Zakaria Lako Lado,Switzerland,73
Mohamed Ali Ben Romdhane,Tunisia,73
Cheikhou Kouyaté,Senegal,73
Badr Banoun,Morocco,73
Johan Alberto Venegas Ulloa,Costa Rica,73
Alireza Jahanbakhsh,Iran,72
José Adoni Cifuentes Charcopa,Ecuador,71
Roozbeh Cheshmi,Iran,70
Pape Matar Sarr,Senegal,69
Thilo Kehrer,Germany,69
Mohammed Al Burayk,Saudi Arabia,69
Exequiel Alejandro Palacios,Argentina,68
Filip Mladenović,Serbia,65
Callum Wilson,England,65
Jorge Resurrección Merodio,Spain,65
Alex Nicolao Telles,Brazil,64
Gerson Torres Barrantes,Costa Rica,64
Simon Thorup Kjær,Denmark,63
Luuk de Jong,Netherlands,63
João Maria Lobo Alves Palhinha Gonçalves,Portugal,63
Giovanni Reyna,United States,63
Youstin Delfin Salas Gómez,Costa Rica,63
Romelu Lukaku Menama,Belgium,63
Jordan Veretout,France,62
Ferjani Sassi,Tunisia,61
Riyadh Sharahili,Saudi Arabia,61
Miki Yamane,Japan,61
Kellyn Kai Perry-Acosta,United States,61
Daniel-Kofi Kyereh,Ghana,60
Noah Okafor,Switzerland,59
Mark Anthony Kaye,Canada,59
Anssumane Fati,Spain,58
Gaël Ondoua,Cameroon,58
Karim Ansarifard,Iran,58
Mohammad Hossein Kanani Zadegan,Iran,58
Alexander Hartmann Bah,Denmark,57
Pedro Guilherme Abreu dos Santos,Brazil,57
Eray Ervin Cömert,Switzerland,56
Guido Rodríguez,Argentina,56
Chang-Hoon Kwon,South Korea,56
Érick Gabriel Gutiérrez Galaviz,Mexico,56
Diego Nicolás De La Cruz Arcosa,Uruguay,55
Abdessamad Ezzalzouli,Morocco,55
Bilal El Khannous,Morocco,55
Mario Götze,Germany,55
Saman Ghoddos,Iran,54
Abdullah Mohammed Madu,Saudi Arabia,52
Garang Kuol,Australia,51
Alan Steven Franco Palma,Ecuador,51
Ilias Chair,Morocco,51
Michał Skóraś,Poland,51
Eric Dier,England,51
Hiroki Ito,Japan,51
Maximiliano Gómez González,Uruguay,50
Kalvin Phillips,England,50
Abdulrahman Al-Obood,Saudi Arabia,49
Chul Hong,South Korea,48
Carlos Alberto Rodríguez Gómez,Mexico,48
DeAndre Yedlin,United States,48
Salman Mohammed Al Faraj,Saudi Arabia,47
Luka Jović,Serbia,46
Éverton Augusto de Barros Ribeiro,Brazil,46
Carlos Armando Gruezo Arboleda,Ecuador,45
Woo-Yeong Jeong,South Korea,45
Ali Al Hassan,Saudi Arabia,45
Sami Khalil Al Naji,Saudi Arabia,45
Karol Świderski,Poland,45
Ayase Ueda,Japan,45
Jesus Ferreira,United States,45
Carlos Manuel Martínez Castro,Costa Rica,45
Thomas Delaney,Denmark,45
Ronald Alberto Matarrita Ulate,Costa Rica,44
Germán Alejandro Pezzella,Argentina,43
Jonas Hofmann,Germany,43
Jason Cummings,Australia,42
Joseff Morrell,Wales,42
Stefan Mitrović,Serbia,41
Ivan Ilić,Serbia,41
Taha Yassine Khenissi,Tunisia,41
Krzysztof Piątek,Poland,41
Nuno Mendes,Portugal,41
Walid Cheddira,Morocco,40
William Saliba,France,40
José Andrés Guardado Hernández,Mexico,40
Georges-Kévin Nkoudou Mbida,Cameroon,39
Mohammed Waed Abdulwahhab Al Bayati,Qatar,38
Trent Alexander-Arnold,England,38
Bryan Ruiz González,Costa Rica,38
Álvaro José Zamora Mata,Costa Rica,38
Antoine Semenyo,Ghana,38
Renato Steffen,Switzerland,37
Awer Mabil,Australia,37
Fabian Frei,Switzerland,36
Damian Szymański,Poland,35
Shaquell Moore,United States,35
Matías Nicolás Viña Susperreguy,Uruguay,34
Djorkaeff Neicer Reasco González,Ecuador,33
Anass Zaroury,Morocco,33
Ali Assadalla Thaimn Qambar,Qatar,33
Jules Olivier Ntcham,Cameroon,33
Darko Lazović,Serbia,32
André Miguel Valente Silva,Portugal,32
Christian Mougang Bassogog,Cameroon,30
Filip Đuričić,Serbia,29
Ghilane Chalali,Tunisia,29
Seung-Ho Paik,South Korea,29
Robert Skov,Denmark,28
Abolfazl Jalali,Iran,28
Paulo Bruno Exequiel Dybala,Argentina,27
Nicolas Jackson,Senegal,27
Yahya Jabrane,Morocco,27
Roberto Carlos Alvarado Hernández,Mexico,24
Artur Jędrzejczyk,Poland,24
Lucas Daniel Cavallini,Canada,24
Bailey Wright,Australia,23
Denis Odoi,Ghana,23
Jeremy Doku,Belgium,22
Michel Aebischer,Switzerland,21
Agustín Canobbio Graviz,Uruguay,21
Charles De Ketelaere,Belgium,21
Srđan Babić,Serbia,19
Christian Fassnacht,Switzerland,18
Marko Grujić,Serbia,18
Hannibal Mejbri,Tunisia,18
Jordan Morris,United States,18
Ikoma Loïs Openda,Belgium,18
David Wotherspoon,Canada,18
Jerome Ngom Mbekeli,Cameroon,16
Noa Lang,Netherlands,15
Haitham Mohammed Asiri,Saudi Arabia,15
Liam Millar,Canada,15
Thiago Ezequiel Almada,Argentina,14
Weverton Pereira da Silva,Brazil,14
Xavi Simons,Netherlands,14
Tarek Salman Salman,Qatar,14
Rubin Colwill,Wales,14
Christian Nørgaard,Denmark,13
Kevin José Rodríguez Cortez,Ecuador,13
Hattan Babhir,Saudi Arabia,13
Jan Bednarek,Poland,13
Kamil Grosicki,Poland,13
Nasser Al Dawsari,Saudi Arabia,12
Rogelio Gabriel Funes Mori,Mexico,12
Ahmed Alaa Eldin Abdelmotaal,Qatar,12
Mosaab Khoder Jibril,Qatar,12
Fodé Ballo Touré,Senegal,11
Kenneth Taylor,Netherlands,11
Ángel Martín Correa,Argentina,10
Juan Marcos Foyth,Argentina,10
Youssoufa Moukoko,Germany,9
Pablo Sarabia García,Spain,8
Roan Roberto Wilson Gordon,Costa Rica,8
Sorba Thomas,Wales,8
Matthias Ginter,Germany,7
Ardon Jashari,Switzerland,6
Yu-Min Cho,South Korea,4
Abdul Fatawu Issahaku,Ghana,3
Kristijan Jakić,Croatia,2
Daniel Alonso Chacón Salas,Costa Rica,2
Jonas Omlin,Switzerland,0
Marko Dmitrović,Serbia,0
Predrag Rajković,Serbia,0
Uroš Račić,Serbia,0
Strahinja Eraković,Serbia,0
Franco Armani,Argentina,0
Gerónimo Rulli,Argentina,0
Danny Vuković,Australia,0
Thomas Deng,Australia,0
Joel King,Australia,0
Cameron Peter Devlin,Australia,0
Andrew Redmayne,Australia,0
Marco Tilio,Australia,0
Jens Stryger Larsen,Denmark,0
Yussuf Yurary Poulsen,Denmark,0
Daniel Wass,Denmark,0
Frederik Rønnow,Denmark,0
Jonas Older Wind,Denmark,0
Oliver Christensen,Denmark,0
Mouez Hassen,Tunisia,0
Aymen Mathlouthi,Tunisia,0
Seifeddine Jaziri,Tunisia,0
Bechir Ben Said,Tunisia,0
Bilel Ifa,Tunisia,0
Alfred Benjamin Gomis,Senegal,0
Mamadou Loum N''Diaye,Senegal,0
Timothy Dieng,Senegal,0
Moustapha Name,Senegal,0
Formose Mendy,Senegal,0
Moussa N''Diaye,Senegal,0
Diego José Palacios Espinoza,Ecuador,0
Xavier Ricardo Arreaga Bermello,Ecuador,0
Robert Abel Arboleda Escobar,Ecuador,0
Ángel Israel Mena Delgado,Ecuador,0
Alexander Domínguez Carabalí,Ecuador,0
Eduar Ayrton Preciado García,Ecuador,0
Wellington Moisés Ramírez Preciado,Ecuador,0
William Joel Pacho Tenorio,Ecuador,0
Stefan de Vrij,Netherlands,0
Remko Pasveer,Netherlands,0
Tyrell Malacia,Netherlands,0
Justin Bijlow,Netherlands,0
Jeremie Frimpong,Netherlands,0
Hyeon-Woo Jo,South Korea,0
Bum-Keun Song,South Korea,0
Tae-Hwan Kim,South Korea,0
Min-Kyu Song,South Korea,0
Jong-Gyu Yoon,South Korea,0
Lucas Torreira Di Pascua,Uruguay,0
Néstor Fernando Muslera Micol,Uruguay,0
Carlos Sebastián Sosa Silva,Uruguay,0
José Luis Rodríguez Bebanz,Uruguay,0
Manuel Ugarte Ribeiro,Uruguay,0
Facundo Daniel Torres Pérez,Uruguay,0
Rui Pedro dos Santos Patrício,Portugal,0
José Pedro Malheiro de Sá,Portugal,0
Ahmed Reda Tagnaouti,Morocco,0
Alphonse Areola,France,0
Abdullah Ibrahim Otayf,Saudi Arabia,0
Mohammed Al Rubaie Al Yami,Saudi Arabia,0
Nawaf Alaqidi,Saudi Arabia,0
Johan Felipe Vásquez Ibarra,Mexico,0
Luis Francisco Romo Barrón,Mexico,0
Alfredo Talavera Díaz,Mexico,0
Gerardo Daniel Arteaga Zamora,Mexico,0
Rodolfo Cota Robles,Mexico,0
Robert Gumny,Poland,0
Szymon Żurkowski,Poland,0
Mateusz Wieteska,Poland,0
Łukasz Skorupski,Poland,0
Kamil Grabara,Poland,0
Philipp Köhn,Switzerland,0
Salem Ali Al Hajri,Qatar,0
Jassem Gaber Abdulsallam,Qatar,0
Yousef Hassan Mohamed Ali,Qatar,0
Khalid Muneer Mazeed,Qatar,0
Mostafa Taerk Mashaal,Qatar,0
Naif Abdulraheem Al Hadhrami,Qatar,0
Nick Pope,England,0
James Maddison,England,0
Conor Coady,England,0
Aaron Ramsdale,England,0
Conor Gallagher,England,0
Domagoj Vida,Croatia,0
Ivica Ivušić,Croatia,0
Ivo Grbić,Croatia,0
Martin Erlić,Croatia,0
Luka Sučić,Croatia,0
David Raya Martin,Spain,0
Robert Lynch Sanchez,Spain,0
Eric García Martret,Spain,0
Hugo Guillamón Sanmartín,Spain,0
Yeremi Jesús Pino Santos,Spain,0
Eiji Kawashima,Japan,0
Gaku Shibasaki,Japan,0
Daniel Schmidt,Japan,0
Shuto Machino,Japan,0
Sean Johnson,United States,0
Aaron Long,United States,0
Cristian Roldán León,United States,0
Ethan Horvath,United States,0
Luca de la Torre,United States,0
Joseph Scally,United States,0
Kevin Trapp,Germany,0
Julian Brandt,Germany,0
Christian Günter,Germany,0
Marc-André ter Stegen,Germany,0
Armel Bella-Kotchap,Germany,0
Karim-David Adeyemi,Germany,0
Jean Pierre Nsamé,Cameroon,0
Olivier Mbaissidara Mbaizo,Cameroon,0
Simon Brady Ngapandouetnbu,Cameroon,0
Souaibou Marou,Cameroon,0
Patrick Gilmar Sequeira Mejías,Costa Rica,0
Esteban Alvarado Brown,Costa Rica,0
Douglas Andrey López Araya,Costa Rica,0
Anthony William Hernández González,Costa Rica,0
Simon Mignolet,Belgium,0
Koen Casteels,Belgium,0
Wout Faes,Belgium,0
Hans Vanaken,Belgium,0
Arthur Theate,Belgium,0
Zeno Debast,Belgium,0
Tom Lockyer,Wales,0
Adam Davies,Wales,0
Chris Gunter,Wales,0
Jonathan Williams,Wales,0
Mark Thomas Harris,Wales,0
Matthew Robert Smith,Wales,0
Benjamin Cabango,Wales,0
Dylan Levitt,Wales,0
Elisha Owusu,Ghana,0
Joseph Aidoo,Ghana,0
Kamal Sowah,Ghana,0
Abdul Manaf Nurudeen,Ghana,0
Daniel Afriyie Barnieh,Ghana,0
Ibrahim Danlad,Ghana,0
Ike Ugbo,Canada,0
Samuel Piette,Canada,0
Liam Fraser,Canada,0
Derek Cornelius,Canada,0
Joel Waterman,Canada,0
Dayne St Clair,Canada,0
James Pantemis,Canada,0
Vahid Amiri,Iran,0
Amir Abedzadeh,Iran,0
Shoja Khalilzadeh,Iran,0
Payam Niazmand,Iran,0
Ben White,England,0